// Auto-generated by convert_roadfighter_logo.py
// 224x96 RGB565 byte-swap (ESP32 SPI BE), RAW format
#define ROADFIGHTER_LOGO_W 224
#define ROADFIGHTER_LOGO_H 96
const unsigned short roadfighter_logo[224*96] PROGMEM = {
  0x0000, 0x0000, 0x0000, 0x0000, 0x0000, 0x0000, 0x0000, 0x0000, 0x0000, 0x0000, 0x0000, 0x0000,
  0x0000, 0x0000, 0x0000, 0x0000, 0x0000, 0x0000, 0x0000, 0x0000, 0x0000, 0x0000, 0x0000, 0x0000,
  0x0000, 0x0000, 0x0000, 0x0000, 0x0000, 0x0000, 0x0000, 0x0000, 0x0000, 0x0000, 0x0000, 0x0000,
  0x0000, 0x0000, 0x0000, 0x0000, 0x0000, 0x0000, 0x0000, 0x0000, 0x0000, 0x0000, 0x0000, 0x0000,
  0x0000, 0x0000, 0x0000, 0x0000, 0x0000, 0x0000, 0x0000, 0x0000, 0x0000, 0x0000, 0x0000, 0x0000,
  0x0000, 0x0000, 0x0000, 0x0000, 0x0000, 0x0000, 0x0000, 0x0000, 0x0000, 0x0000, 0x0000, 0x0000,
  0x0000, 0x0000, 0x0000, 0x0000, 0x0000, 0x0000, 0x0000, 0x0000, 0x0000, 0x0000, 0x0000, 0x0000,
  0x0000, 0x0000, 0x0000, 0x0000, 0x0000, 0x0000, 0x0000, 0x0000, 0x0000, 0x0000, 0x0000, 0x0000,
  0x0000, 0x0000, 0x0000, 0x0000, 0x0000, 0x0000, 0x0000, 0x0000, 0x0000, 0x0000, 0x0000, 0x0000,
  0x0000, 0x0000, 0x0000, 0x0000, 0x0000, 0x0000, 0x0000, 0x0000, 0x0000, 0x0000, 0x0000, 0x0000,
  0x0000, 0x0000, 0x0000, 0x0000, 0x0000, 0x0000, 0x0000, 0x0000, 0x0000, 0x0000, 0x0000, 0x0000,
  0x0000, 0x0000, 0x0000, 0x0000, 0x0000, 0x0000, 0x0000, 0x0000, 0x0000, 0x0000, 0x0000, 0x0000,
  0x0000, 0x0000, 0x0000, 0x0000, 0x0000, 0x0000, 0x0000, 0x0000, 0x0000, 0x0000, 0x0000, 0x0000,
  0x0000, 0x0000, 0x0000, 0x0000, 0x0000, 0x0000, 0x0000, 0x0000, 0x0000, 0x0000, 0x0000, 0x0000,
  0x0000, 0x0000, 0x0000, 0x0000, 0x0000, 0x0000, 0x0000, 0x0000, 0x0000, 0x0000, 0x0000, 0x0000,
  0x0000, 0x0000, 0x0000, 0x0000, 0x0000, 0x0000, 0x0000, 0x0000, 0x0000, 0x0000, 0x0000, 0x0000,
  0x0000, 0x0000, 0x0000, 0x0000, 0x0000, 0x0000, 0x0000, 0x0000, 0x0000, 0x0000, 0x0000, 0x0000,
  0x0000, 0x0000, 0x0000, 0x0000, 0x0000, 0x0000, 0x0000, 0x0000, 0x0000, 0x0000, 0x0000, 0x0000,
  0x0000, 0x0000, 0x0000, 0x0000, 0x0000, 0x0000, 0x0000, 0x0000, 0x0000, 0x0000, 0x0000, 0x0000,
  0x0000, 0x0000, 0x0000, 0x0000, 0x0000, 0x0000, 0x0000, 0x0000, 0x0000, 0x0000, 0x0000, 0x0000,
  0x0000, 0x0000, 0x0000, 0x0000, 0x0000, 0x0000, 0x0000, 0x0000, 0x0000, 0x0000, 0x0000, 0x0000,
  0x0000, 0x0000, 0x0000, 0x0000, 0x0000, 0x0000, 0x0000, 0x0000, 0x0000, 0x0000, 0x0000, 0x0000,
  0x0000, 0x0000, 0x0000, 0x0000, 0x0000, 0x0000, 0x0000, 0x0000, 0x0000, 0x0000, 0x0000, 0x0000,
  0x0000, 0x0000, 0x0000, 0x0000, 0x0000, 0x0000, 0x0000, 0x0000, 0x0000, 0x0000, 0x0000, 0x0000,
  0x0000, 0x0000, 0x0000, 0x0000, 0x0000, 0x0000, 0x0000, 0x0000, 0x0000, 0x0000, 0x0000, 0x0000,
  0x0000, 0x0000, 0x0000, 0x0000, 0x0000, 0x0000, 0x0000, 0x0000, 0x0000, 0x0000, 0x0000, 0x0000,
  0x0000, 0x0000, 0x0000, 0x0000, 0x0000, 0x0000, 0x0000, 0x0000, 0x0000, 0x0000, 0x0000, 0x0000,
  0x0000, 0x0000, 0x0000, 0x0000, 0x0000, 0x0000, 0x0000, 0x0000, 0x0000, 0x0000, 0x0000, 0x0000,
  0x0000, 0x0000, 0x0000, 0x0000, 0x0000, 0x0000, 0x0000, 0x0000, 0x0000, 0x0000, 0x0000, 0x0000,
  0x0000, 0x0000, 0x0000, 0x0000, 0x0000, 0x0000, 0x0000, 0x0000, 0x0000, 0x0000, 0x0000, 0x0000,
  0x0000, 0x0000, 0x0000, 0x0000, 0x0000, 0x0000, 0x0000, 0x0000, 0x0000, 0x0000, 0x0000, 0x0000,
  0x0000, 0x0000, 0x0000, 0x0000, 0x0000, 0x0000, 0x0000, 0x0000, 0x0000, 0x0000, 0x0000, 0x0000,
  0x0000, 0x0000, 0x0000, 0x0000, 0x0000, 0x0000, 0x0000, 0x0000, 0x0000, 0x0000, 0x0000, 0x0000,
  0x0000, 0x0000, 0x0000, 0x0000, 0x0000, 0x0000, 0x0000, 0x0000, 0x0000, 0x0000, 0x0000, 0x0000,
  0x0000, 0x0000, 0x0000, 0x0000, 0x0000, 0x0000, 0x0000, 0x0000, 0x0000, 0x0000, 0x0000, 0x0000,
  0x0000, 0x0000, 0x0000, 0x0000, 0x0000, 0x0000, 0x0000, 0x0000, 0x0000, 0x0000, 0x0000, 0x0000,
  0x0000, 0x0000, 0x0000, 0x0000, 0x0000, 0x0000, 0x0000, 0x0000, 0x0000, 0x0000, 0x0000, 0x0000,
  0x0000, 0x0000, 0x0000, 0x0000, 0x0000, 0x0000, 0x0000, 0x0000, 0x0000, 0x0000, 0x0000, 0x0000,
  0x0000, 0x0000, 0x0000, 0x0000, 0x0000, 0x0000, 0x0000, 0x0000, 0x0000, 0x0000, 0x0000, 0x0000,
  0x0000, 0x0000, 0x0000, 0x0000, 0x0000, 0x0000, 0x0000, 0x0000, 0x0000, 0x0000, 0x0000, 0x0000,
  0x0000, 0x0000, 0x0000, 0x0000, 0x0000, 0x0000, 0x0000, 0x0000, 0x0000, 0x0000, 0x0000, 0x0000,
  0x0000, 0x0000, 0x0000, 0x0000, 0x0000, 0x0000, 0x0000, 0x0000, 0x0000, 0x0000, 0x0000, 0x0000,
  0x0000, 0x0000, 0x0000, 0x0000, 0x0000, 0x0000, 0x0000, 0x0000, 0x0000, 0x0000, 0x0000, 0x0000,
  0x0000, 0x0000, 0x0000, 0x0000, 0x0000, 0x0000, 0x0000, 0x0000, 0x0000, 0x0000, 0x0000, 0x0000,
  0x0000, 0x0000, 0x0000, 0x0000, 0x0000, 0x0000, 0x0000, 0x0000, 0x0000, 0x0000, 0x0000, 0x0000,
  0x0000, 0x0000, 0x0000, 0x0000, 0x0000, 0x0000, 0x0000, 0x0000, 0x0000, 0x0000, 0x0000, 0x0000,
  0x0000, 0x0000, 0x0000, 0x0000, 0x0000, 0x0000, 0x0000, 0x0000, 0x0000, 0x0000, 0x0000, 0x0000,
  0x0000, 0x0000, 0x0000, 0x0000, 0x0000, 0x0000, 0x0000, 0x0000, 0x0000, 0x0000, 0x0000, 0x0000,
  0x0000, 0x0000, 0x0000, 0x0000, 0x0000, 0x0000, 0x0000, 0x0000, 0x0000, 0x0000, 0x0000, 0x0000,
  0x0000, 0x0000, 0x0000, 0x0000, 0x0000, 0x0000, 0x0000, 0x0000, 0x0000, 0x0000, 0x0000, 0x0000,
  0x0000, 0x0000, 0x0000, 0x0000, 0x0000, 0x0000, 0x0000, 0x0000, 0x0000, 0x0000, 0x0000, 0x0000,
  0x0000, 0x0000, 0x0000, 0x0000, 0x0000, 0x0000, 0x0000, 0x0000, 0x0000, 0x0000, 0x0000, 0x0000,
  0x0000, 0x0000, 0x0000, 0x0000, 0x0000, 0x0000, 0x0000, 0x0000, 0x0000, 0x0000, 0x0000, 0x0000,
  0x0000, 0x0000, 0x0000, 0x0000, 0x0000, 0x0000, 0x0000, 0x0000, 0x0000, 0x0000, 0x0000, 0x0000,
  0x0000, 0x0000, 0x0000, 0x0000, 0x0000, 0x0000, 0x0000, 0x0000, 0x0000, 0x0000, 0x0000, 0x0000,
  0x0000, 0x0000, 0x0000, 0x0000, 0x0000, 0x0000, 0x0000, 0x0000, 0x0000, 0x0000, 0x0000, 0x0000,
  0x0000, 0x0000, 0x0000, 0x0000, 0x0000, 0x0000, 0x0000, 0x0000, 0x0000, 0x0000, 0x0000, 0x0000,
  0x0000, 0x0000, 0x0000, 0x0000, 0x0000, 0x0000, 0x0000, 0x0000, 0x0000, 0x0000, 0x0000, 0x0000,
  0x0000, 0x0000, 0x0000, 0x0000, 0x0000, 0x0000, 0x0000, 0x0000, 0x0000, 0x0000, 0x0000, 0x0000,
  0x0000, 0x0000, 0x0000, 0x0000, 0x0000, 0x0000, 0x0000, 0x0000, 0x0000, 0x0000, 0x0000, 0x0000,
  0x0000, 0x0000, 0x0000, 0x0000, 0x0000, 0x0000, 0x0000, 0x0000, 0x0000, 0x0000, 0x0000, 0x0000,
  0x0000, 0x0000, 0x0000, 0x0000, 0x0000, 0x0000, 0x0000, 0x0000, 0x0000, 0x0000, 0x0000, 0x0000,
  0x0000, 0x0000, 0x0000, 0x0000, 0x0000, 0x0000, 0x0000, 0x0000, 0x0000, 0x0000, 0x0000, 0x0000,
  0x0000, 0x0000, 0x0000, 0x0000, 0x0000, 0x0000, 0x0000, 0x0000, 0x0000, 0x0000, 0x0000, 0x0000,
  0x0000, 0x0000, 0x0000, 0x0000, 0x0000, 0x0000, 0x0000, 0x0000, 0x0000, 0x0000, 0x0000, 0x0000,
  0x0000, 0x0000, 0x0000, 0x0000, 0x0000, 0x0000, 0x0000, 0x0000, 0x0000, 0x0000, 0x0000, 0x0000,
  0x0000, 0x0000, 0x0000, 0x0000, 0x0000, 0x0000, 0x0000, 0x0000, 0x0000, 0x0000, 0x0000, 0x0000,
  0x0000, 0x0000, 0x0000, 0x0000, 0x0000, 0x0000, 0x0000, 0x0000, 0x0000, 0x0000, 0x0000, 0x0000,
  0x0000, 0x0000, 0x0000, 0x0000, 0x0000, 0x0000, 0x0000, 0x0000, 0x0000, 0x0000, 0x0000, 0x0000,
  0x0000, 0x0000, 0x0000, 0x0000, 0x0000, 0x0000, 0x0000, 0x0000, 0x0000, 0x0000, 0x0000, 0x0000,
  0x0000, 0x0000, 0x0000, 0x0000, 0x0000, 0x0000, 0x0000, 0x0000, 0x0000, 0x0000, 0x0000, 0x0000,
  0x0000, 0x0000, 0x0000, 0x0000, 0x0000, 0x0000, 0x0000, 0x0000, 0x0000, 0x0000, 0x0000, 0x0000,
  0x0000, 0x0000, 0x0000, 0x0000, 0x0000, 0x0000, 0x0000, 0x0000, 0x0000, 0x0000, 0x0000, 0x0000,
  0x0000, 0x0000, 0x0000, 0x0000, 0x0000, 0x0000, 0x0000, 0x0000, 0x0000, 0x0000, 0x0000, 0x0000,
  0x0000, 0x0000, 0x0000, 0x0000, 0x0000, 0x0000, 0x0000, 0x0000, 0x0000, 0x0000, 0x0000, 0x0000,
  0x0000, 0x0000, 0x0000, 0x0000, 0x0000, 0x0000, 0x0000, 0x0000, 0x0000, 0x0000, 0x0000, 0x0000,
  0x0000, 0x0000, 0x0000, 0x0000, 0x0000, 0x0000, 0x0000, 0x0000, 0x0000, 0x0000, 0x0000, 0x0000,
  0x0000, 0x0000, 0x0000, 0x0000, 0x0000, 0x0000, 0x0000, 0x0000, 0x0000, 0x0000, 0x0000, 0x0000,
  0x0000, 0x0000, 0x0000, 0x0000, 0x0000, 0x0000, 0x0000, 0x0000, 0x0000, 0x0000, 0x0000, 0x0000,
  0x0000, 0x0000, 0x0000, 0x0000, 0x0000, 0x0000, 0x0000, 0x0000, 0x0000, 0x0000, 0x0000, 0x0000,
  0x0000, 0x0000, 0x0000, 0x0000, 0x0000, 0x0000, 0x0000, 0x0000, 0x0000, 0x0000, 0x0000, 0x0000,
  0x0000, 0x0000, 0x0000, 0x0000, 0x0000, 0x0000, 0x0000, 0x0000, 0x0000, 0x0000, 0x0000, 0x0000,
  0x0000, 0x0000, 0x0000, 0x0000, 0x0000, 0x0000, 0x0000, 0x0000, 0x0000, 0x0000, 0x0000, 0x0000,
  0x0000, 0x0000, 0x0000, 0x0000, 0x0000, 0x0000, 0x0000, 0x0000, 0x0000, 0x0000, 0x0000, 0x0000,
  0x0000, 0x0000, 0x0000, 0x0000, 0x0000, 0x0000, 0x0000, 0x0000, 0x0000, 0x0000, 0x0000, 0x0000,
  0x0000, 0x0000, 0x0000, 0x0000, 0x0000, 0x0000, 0x0000, 0x0000, 0x0000, 0x0000, 0x0000, 0x0000,
  0x0000, 0x0000, 0x0000, 0x0000, 0x0000, 0x0000, 0x0000, 0x0000, 0x0000, 0x0000, 0x0000, 0x0000,
  0x0000, 0x0000, 0x0000, 0x0000, 0x0000, 0x0000, 0x0000, 0x0000, 0x0000, 0x0000, 0x0000, 0x0000,
  0x0000, 0x0000, 0x0000, 0x0000, 0x0000, 0x0000, 0x0000, 0x0000, 0x0000, 0x0000, 0x0000, 0x0000,
  0x0000, 0x0000, 0x0000, 0x0000, 0x0000, 0x0000, 0x0000, 0x0000, 0x0000, 0x0000, 0x0000, 0x0000,
  0x0000, 0x0000, 0x0000, 0x0000, 0x0000, 0x0000, 0x0000, 0x0000, 0x0000, 0x0000, 0x0000, 0x0000,
  0x0000, 0x0000, 0x0000, 0x0000, 0x0000, 0x0000, 0x0000, 0x0000, 0x0000, 0x0000, 0x0000, 0x0000,
  0x0000, 0x0000, 0x0000, 0x0000, 0x0000, 0x0000, 0x0000, 0x0000, 0x0000, 0x0000, 0x0000, 0x0000,
  0x0000, 0x0000, 0x0000, 0x0000, 0x0000, 0x0000, 0x0000, 0x0000, 0x0000, 0x0000, 0x0000, 0x0000,
  0x0000, 0x0000, 0x0000, 0x0000, 0x0000, 0x0000, 0x0000, 0x0000, 0x0000, 0x0000, 0x0000, 0x0000,
  0x0000, 0x0000, 0x0000, 0x0000, 0x0000, 0x0000, 0x0000, 0x0000, 0x0000, 0x0000, 0x0000, 0x0000,
  0x0000, 0x0000, 0x0000, 0x0000, 0x0000, 0x0000, 0x0000, 0x0000, 0x0000, 0x0000, 0x0000, 0x0000,
  0x0000, 0x0000, 0x0000, 0x0000, 0x0000, 0x0000, 0x0000, 0x0000, 0x0000, 0x0000, 0x0000, 0x0000,
  0x0000, 0x0000, 0x0000, 0x0000, 0x0000, 0x0000, 0x0000, 0x0000, 0x0000, 0x0000, 0x0000, 0x0000,
  0x0000, 0x0000, 0x0000, 0x0000, 0x0000, 0x0000, 0x0000, 0x0000, 0x0000, 0x0000, 0x0000, 0x0000,
  0x0000, 0x0000, 0x0000, 0x0000, 0x0000, 0x0000, 0x0000, 0x0000, 0x0000, 0x0000, 0x0000, 0x0000,
  0x0000, 0x0000, 0x0000, 0x0000, 0x0000, 0x0000, 0x0000, 0x0000, 0x0000, 0x0000, 0x0000, 0x0000,
  0x0000, 0x0000, 0x0000, 0x0000, 0x0000, 0x0000, 0x0000, 0x0000, 0x0000, 0x0000, 0x0000, 0x0000,
  0x0000, 0x0000, 0x0000, 0x0000, 0x0000, 0x0000, 0x0000, 0x0000, 0x0000, 0x0000, 0x0000, 0x0000,
  0x0000, 0x0000, 0x0000, 0x0000, 0x0000, 0x0000, 0x0000, 0x0000, 0x0000, 0x0000, 0x0000, 0x0000,
  0x0000, 0x0000, 0x0000, 0x0000, 0x0000, 0x0000, 0x0000, 0x0000, 0x0000, 0x0000, 0x0000, 0x0000,
  0x0000, 0x0000, 0x0000, 0x0000, 0x0000, 0x0000, 0x0000, 0x0000, 0x0000, 0x0000, 0x0000, 0x0000,
  0x0000, 0x0000, 0x0000, 0x0000, 0x0000, 0x0000, 0x0000, 0x0000, 0x0000, 0x0000, 0x0000, 0x0000,
  0x0000, 0x0000, 0x0000, 0x0000, 0x0000, 0x0000, 0x0000, 0x0000, 0x0000, 0x0000, 0x0000, 0x0000,
  0x0000, 0x0000, 0x0000, 0x0000, 0x0000, 0x0000, 0x0000, 0x0000, 0x0000, 0x0000, 0x0000, 0x0000,
  0x0000, 0x0000, 0x0000, 0x0000, 0x0000, 0x0000, 0x0000, 0x0000, 0x0000, 0x0000, 0x0000, 0x0000,
  0x0000, 0x0000, 0x0000, 0x0000, 0x0000, 0x0000, 0x0000, 0x0000, 0x0000, 0x0000, 0x0000, 0x0000,
  0x0000, 0x0000, 0x0000, 0x0000, 0x0000, 0x0000, 0x0000, 0x0000, 0x0000, 0x0000, 0x0000, 0x0000,
  0x0000, 0x0000, 0x0000, 0x0000, 0x0000, 0x0000, 0x0000, 0x0000, 0x0000, 0x0000, 0x0000, 0x0000,
  0x0000, 0x0000, 0x0000, 0x0000, 0x0000, 0x0000, 0x0000, 0x0000, 0x0000, 0x0000, 0x0000, 0x0000,
  0x0000, 0x0000, 0x0000, 0x0000, 0x0000, 0x0000, 0x0000, 0x0000, 0x0000, 0x0000, 0x0000, 0x0000,
  0x0000, 0x0000, 0x0000, 0x0000, 0x0000, 0x0000, 0x0000, 0x0000, 0x0000, 0x0000, 0x0000, 0x0000,
  0x0000, 0x0000, 0x0000, 0x0000, 0x0000, 0x0000, 0x0000, 0x0000, 0x0000, 0x0000, 0x0000, 0x0000,
  0x0000, 0x0000, 0x0000, 0x0000, 0x0000, 0x0000, 0x0000, 0x0000, 0x0000, 0x0000, 0x0000, 0x0000,
  0x0000, 0x0000, 0x0000, 0x0000, 0x0000, 0x0000, 0x0000, 0x0000, 0x0000, 0x0000, 0x0000, 0x0000,
  0x0000, 0x0000, 0x0000, 0x0000, 0x0000, 0x0000, 0x0000, 0x0000, 0x0000, 0x0000, 0x0000, 0x0000,
  0x0000, 0x0000, 0x0000, 0x0000, 0x0000, 0x0000, 0x0000, 0x0000, 0x0000, 0x0000, 0x0000, 0x0000,
  0x0000, 0x0000, 0x0000, 0x0000, 0x0000, 0x0000, 0x0000, 0x0000, 0x0000, 0x0000, 0x0000, 0x0000,
  0x0000, 0x0000, 0x0000, 0x0000, 0x0000, 0x0000, 0x0000, 0x0000, 0x0000, 0x0000, 0x0000, 0x0000,
  0x0000, 0x0000, 0x0000, 0x0000, 0x0000, 0x0000, 0x0000, 0x0000, 0x0000, 0x0000, 0x0000, 0x0000,
  0x0000, 0x0000, 0x0000, 0x0000, 0x0000, 0x0000, 0x0000, 0x0000, 0x0000, 0x0000, 0x0000, 0x0000,
  0x0000, 0x0000, 0x0000, 0x0000, 0x0000, 0x0000, 0x0000, 0x0000, 0x0000, 0x0000, 0x0000, 0x0000,
  0x0000, 0x0000, 0x0000, 0x0000, 0x0000, 0x0000, 0x0000, 0x0000, 0x0000, 0x0000, 0x0000, 0x0000,
  0x0000, 0x0000, 0x0000, 0x0000, 0x0000, 0x0000, 0x0000, 0x0000, 0x0000, 0x0000, 0x0000, 0x0000,
  0x0000, 0x0000, 0x0000, 0x0000, 0x0000, 0x0000, 0x0000, 0x0000, 0x0000, 0x0000, 0x0000, 0x0000,
  0x0000, 0x0000, 0x0000, 0x0000, 0x0000, 0x0000, 0x0000, 0x0000, 0x0000, 0x0000, 0x0000, 0x0000,
  0x0000, 0x0000, 0x0000, 0x0000, 0x0000, 0x0000, 0x0000, 0x0000, 0x0000, 0x0000, 0x0000, 0x0000,
  0x0000, 0x0000, 0x0000, 0x0000, 0x0000, 0x0000, 0x0000, 0x0000, 0x0000, 0x0000, 0x0000, 0x0000,
  0x0000, 0x0000, 0x0000, 0x0000, 0x0000, 0x0000, 0x0000, 0x0000, 0x0000, 0x0000, 0x0000, 0x0000,
  0x0000, 0x0000, 0x0000, 0x0000, 0x0000, 0x0000, 0x0000, 0x0000, 0x0000, 0x0000, 0x0000, 0x0000,
  0x0000, 0x0000, 0x0000, 0x0000, 0x0000, 0x0000, 0x0000, 0x0000, 0x0000, 0x0000, 0x0000, 0x0000,
  0x0000, 0x0000, 0x0000, 0x0000, 0x0000, 0x0000, 0x0000, 0x0000, 0x0000, 0x0000, 0x0000, 0x0000,
  0x0000, 0x0000, 0x0000, 0x0000, 0x0000, 0x0000, 0x0000, 0x0000, 0x0000, 0x0000, 0x0000, 0x0000,
  0x0000, 0x0000, 0x0000, 0x0000, 0x0000, 0x0000, 0x0000, 0x0000, 0x0000, 0x0000, 0x0000, 0x0000,
  0x0000, 0x0000, 0x0000, 0x0000, 0x0000, 0x0000, 0x0000, 0x0000, 0x0000, 0x0000, 0x0000, 0x0000,
  0x0000, 0x0000, 0x0000, 0x0000, 0x0000, 0x0000, 0x0000, 0x0000, 0x0000, 0x0000, 0x0000, 0x0000,
  0x0000, 0x0000, 0x0000, 0x0000, 0x0000, 0x0000, 0x0000, 0x0000, 0x0000, 0x0000, 0x0000, 0x0000,
  0x0000, 0x0000, 0x0000, 0x0000, 0x0000, 0x0000, 0x0000, 0x0000, 0x0000, 0x0000, 0x0000, 0x0000,
  0x0000, 0x0000, 0x0000, 0x0000, 0x0000, 0x0000, 0x0000, 0x0000, 0x0000, 0x0000, 0x0000, 0x0000,
  0x0000, 0x0000, 0x0000, 0x0000, 0x0000, 0x0000, 0x0000, 0x0000, 0x0000, 0x0000, 0x0000, 0x0000,
  0x0000, 0x0000, 0x0000, 0x0000, 0x0000, 0x0000, 0x0000, 0x0000, 0x0000, 0x0000, 0x0000, 0x0000,
  0x0000, 0x0000, 0x0000, 0x0000, 0x0000, 0x0000, 0x0000, 0x0000, 0x0000, 0x0000, 0x0000, 0x0000,
  0x0000, 0x0000, 0x0000, 0x0000, 0x0000, 0x0000, 0x0000, 0x0000, 0x0000, 0x0000, 0x0000, 0x0000,
  0x0000, 0x0000, 0x0000, 0x0000, 0x0000, 0x0000, 0x0000, 0x0000, 0x0000, 0x0000, 0x0000, 0x0000,
  0x0000, 0x0000, 0x0000, 0x0000, 0x0000, 0x0000, 0x0000, 0x0000, 0x0000, 0x0000, 0x0000, 0x0000,
  0x0000, 0x0000, 0x0000, 0x0000, 0x0000, 0x0000, 0x0000, 0x0000, 0x0000, 0x0000, 0x0000, 0x0000,
  0x0000, 0x0000, 0x0000, 0x0000, 0x0000, 0x0000, 0x0000, 0x0000, 0x0000, 0x0000, 0x0000, 0x0000,
  0x0000, 0x0000, 0x0000, 0x0000, 0x0000, 0x0000, 0x0000, 0x0000, 0x0000, 0x0000, 0x0000, 0x0000,
  0x0000, 0x0000, 0x0000, 0x0000, 0x0000, 0x0000, 0x0000, 0x0000, 0x0000, 0x0000, 0x0000, 0x0000,
  0x0000, 0x0000, 0x0000, 0x0000, 0x0000, 0x0000, 0x0000, 0x0000, 0x0000, 0x0000, 0x0000, 0x0000,
  0x0000, 0x0000, 0x0000, 0x0000, 0x0000, 0x0000, 0x0000, 0x0000, 0x0000, 0x0000, 0x0000, 0x0000,
  0x0000, 0x0000, 0x0000, 0x0000, 0x0000, 0x0000, 0x0000, 0x0000, 0x0000, 0x0000, 0x0000, 0x0000,
  0x0000, 0x0000, 0x0000, 0x0000, 0x0000, 0x0000, 0x0000, 0x0000, 0x0000, 0x0000, 0x0000, 0x0000,
  0x0000, 0x0000, 0x0000, 0x0000, 0x0000, 0x0000, 0x0000, 0x0000, 0x0000, 0x0000, 0x0000, 0x0000,
  0x0000, 0x0000, 0x0000, 0x0000, 0x0000, 0x0000, 0x0000, 0x0000, 0x0000, 0x0000, 0x0000, 0x0000,
  0x0000, 0x0000, 0x0000, 0x0000, 0x0000, 0x0000, 0x0000, 0x0000, 0x0000, 0x0000, 0x0000, 0x0000,
  0x0000, 0x0000, 0x0000, 0x0000, 0x0000, 0x0000, 0x0000, 0x0000, 0x0000, 0x0000, 0x0000, 0x0000,
  0x0000, 0x0000, 0x0000, 0x0000, 0x0000, 0x0000, 0x0000, 0x0000, 0x0000, 0x0000, 0x0000, 0x0000,
  0x0000, 0x0000, 0x0000, 0x0000, 0x0000, 0x0000, 0x0000, 0x0000, 0x0000, 0x0000, 0x0000, 0x0000,
  0x0000, 0x0000, 0x0000, 0x0000, 0x0000, 0x0000, 0x0000, 0x0000, 0x0000, 0x0000, 0x0000, 0x0000,
  0x0000, 0x0000, 0x0000, 0x0000, 0x0000, 0x0000, 0x0000, 0x0000, 0x0000, 0x0000, 0x0000, 0x0000,
  0x0000, 0x0000, 0x0000, 0x0000, 0x0000, 0x0000, 0x0000, 0x0000, 0x0000, 0x0000, 0x0000, 0x0000,
  0x0000, 0x0000, 0x0000, 0x0000, 0x0000, 0x0000, 0x0000, 0x0000, 0x0000, 0x0000, 0x0000, 0x0000,
  0x0000, 0x0000, 0x0000, 0x0000, 0x0000, 0x0000, 0x0000, 0x0000, 0x0000, 0x0000, 0x0000, 0x0000,
  0x0000, 0x0000, 0x0000, 0x0000, 0x0000, 0x0000, 0x0000, 0x0000, 0x0000, 0x0000, 0x0000, 0x0000,
  0x0000, 0x0000, 0x0000, 0x0000, 0x0000, 0x0000, 0x0000, 0x0000, 0x0000, 0x0000, 0x0000, 0x0000,
  0x0000, 0x0000, 0x0000, 0x0000, 0x0000, 0x0000, 0x0000, 0x0000, 0x0000, 0x0000, 0x0000, 0x0000,
  0x0000, 0x0000, 0x0000, 0x0000, 0x0000, 0x0000, 0x0000, 0x0000, 0x0000, 0x0000, 0x0000, 0x0000,
  0x0000, 0x0000, 0x0000, 0x0000, 0x0000, 0x0000, 0x0000, 0x0000, 0x0000, 0x0000, 0x0000, 0x0000,
  0x0000, 0x0000, 0x0000, 0x0000, 0x0000, 0x0000, 0x0000, 0x0000, 0x0000, 0x0000, 0x0000, 0x0000,
  0x0000, 0x0000, 0x0000, 0x0000, 0x0000, 0x0000, 0x0000, 0x0000, 0x0000, 0x0000, 0x0000, 0x0000,
  0x0000, 0x0000, 0x0000, 0x0000, 0x0000, 0x0000, 0x0000, 0x0000, 0x0000, 0x0000, 0x0000, 0x0000,
  0x0000, 0x0000, 0x0000, 0x0000, 0x0000, 0x0000, 0x0000, 0x0000, 0x0000, 0x0000, 0x0000, 0x0000,
  0x0000, 0x0000, 0x0000, 0x0000, 0x0000, 0x0000, 0x0000, 0x0000, 0x0000, 0x0000, 0x0000, 0x0000,
  0x0000, 0x0000, 0x0000, 0x0000, 0x0000, 0x0000, 0x0000, 0x0000, 0x0000, 0x0000, 0x0000, 0x0000,
  0x0000, 0x0000, 0x0000, 0x0000, 0x0000, 0x0000, 0x0000, 0x0000, 0x0000, 0x0000, 0x0000, 0x0000,
  0x0000, 0x0000, 0x0000, 0x0000, 0x0000, 0x0000, 0x0000, 0x0000, 0x0000, 0x0000, 0x0000, 0x0000,
  0x0000, 0x0000, 0x0000, 0x0000, 0x0000, 0x0000, 0x0000, 0x0000, 0x0000, 0x0000, 0x0000, 0x0000,
  0x0000, 0x0000, 0x0000, 0x0000, 0x0000, 0x0000, 0x0000, 0x0000, 0x0000, 0x0000, 0x0000, 0x0000,
  0x0000, 0x0000, 0x0000, 0x0000, 0x0000, 0x0000, 0x0000, 0x0000, 0x0000, 0x0000, 0x0000, 0x0000,
  0x0000, 0x0000, 0x0000, 0x0000, 0x0000, 0x0000, 0x0000, 0x0000, 0x0000, 0x0000, 0x0000, 0x0000,
  0x0000, 0x0000, 0x0000, 0x0000, 0x0000, 0x0000, 0x0000, 0x0000, 0x0000, 0x0000, 0x0000, 0x0000,
  0x0000, 0x0000, 0x0000, 0x0000, 0x0000, 0x0000, 0x0000, 0x0000, 0x0000, 0x0000, 0x0000, 0x0000,
  0x0000, 0x0000, 0x0000, 0x0000, 0x0000, 0x0000, 0x0000, 0x0000, 0x0000, 0x0000, 0x0000, 0x0000,
  0x0000, 0x0000, 0x0000, 0x0000, 0x0000, 0x0000, 0x0000, 0x0000, 0x0000, 0x0000, 0x0000, 0x0000,
  0x0000, 0x0000, 0x0000, 0x0000, 0x0000, 0x0000, 0x0000, 0x0000, 0x0000, 0x0000, 0x0000, 0x0000,
  0x0000, 0x0000, 0x0000, 0x0000, 0x0000, 0x0000, 0x0000, 0x0000, 0x0000, 0x0000, 0x0000, 0x0000,
  0x0000, 0x0000, 0x0000, 0x0000, 0x0000, 0x0000, 0x0000, 0x0000, 0x0000, 0x0000, 0x0000, 0x0000,
  0x0000, 0x0000, 0x0000, 0x0000, 0x0000, 0x0000, 0x0000, 0x0000, 0x0000, 0x0000, 0x0000, 0x0000,
  0x0000, 0x0000, 0x0000, 0x0000, 0x0000, 0x0000, 0x0000, 0x0000, 0x0000, 0x0000, 0x0000, 0x0000,
  0x0000, 0x0000, 0x0000, 0x0000, 0x0000, 0x0000, 0x0000, 0x0000, 0x0000, 0x0000, 0x0000, 0x0000,
  0x0000, 0x0000, 0x0000, 0x0000, 0x0000, 0x0000, 0x0000, 0x0000, 0x0000, 0x0000, 0x0000, 0x0000,
  0x0000, 0x0000, 0x0000, 0x0000, 0x0000, 0x0000, 0x0000, 0x0000, 0x0000, 0x0000, 0x0000, 0x0000,
  0x0000, 0x0000, 0x0000, 0x0000, 0x0000, 0x0000, 0x0000, 0x0000, 0x0000, 0x0000, 0x0000, 0x0000,
  0x0000, 0x0000, 0x0000, 0x0000, 0x0000, 0x0000, 0x0000, 0x0000, 0x0000, 0x0000, 0x0000, 0x0000,
  0x0000, 0x0000, 0x0000, 0x0000, 0x0000, 0x0000, 0x0000, 0x0000, 0x0000, 0x0000, 0x0000, 0x0000,
  0x0000, 0x0000, 0x0000, 0x0000, 0x0000, 0x0000, 0x0000, 0x0000, 0x0000, 0x0000, 0x0000, 0x0000,
  0x0000, 0x0000, 0x0000, 0x0000, 0x0000, 0x0000, 0x0000, 0x0000, 0x0000, 0x0000, 0x0000, 0x0000,
  0x0000, 0x0000, 0x0000, 0x0000, 0x0000, 0x0000, 0x0000, 0x0000, 0x0000, 0x0000, 0x0000, 0x0000,
  0x0000, 0x0000, 0x0000, 0x0000, 0x0000, 0x0000, 0x0000, 0x0000, 0x0000, 0x0000, 0x0000, 0x0000,
  0x0000, 0x0000, 0x0000, 0x0000, 0x0000, 0x0000, 0x0000, 0x0000, 0x0000, 0x0000, 0x0000, 0x0000,
  0x0000, 0x0000, 0x0000, 0x0000, 0x0000, 0x0000, 0x0000, 0x0000, 0x0000, 0x0000, 0x0000, 0x0000,
  0x0000, 0x0000, 0x0000, 0x0000, 0x0000, 0x0000, 0x0000, 0x0000, 0x0000, 0x0000, 0x0000, 0x0000,
  0x0000, 0x0000, 0x0000, 0x0000, 0x0000, 0x0000, 0x0000, 0x0000, 0x0000, 0x0000, 0x0000, 0x0000,
  0x0000, 0x0000, 0x0000, 0x0000, 0x0000, 0x0000, 0x0000, 0x0000, 0x0000, 0x0000, 0x0000, 0x0000,
  0x0000, 0x0000, 0x0000, 0x0000, 0x0000, 0x0000, 0x0000, 0x0000, 0x0000, 0x0000, 0x0000, 0x0000,
  0x0000, 0x0000, 0x0000, 0x0000, 0x0000, 0x0000, 0x0000, 0x0000, 0x0000, 0x0000, 0x0000, 0x0000,
  0x0000, 0x0000, 0x0000, 0x0000, 0x0000, 0x0000, 0x0000, 0x0000, 0x0000, 0x0000, 0x0000, 0x0000,
  0x0000, 0x0000, 0x0000, 0x0000, 0x0000, 0x0000, 0x0000, 0x0000, 0x0000, 0x0000, 0x0000, 0x0000,
  0x0000, 0x0000, 0x0000, 0x0000, 0x0000, 0x0000, 0x0000, 0x0000, 0x0000, 0x0000, 0x0000, 0x0000,
  0x0000, 0x0000, 0x0000, 0x0000, 0x0000, 0x0000, 0x0000, 0x0000, 0x0000, 0x0000, 0x0000, 0x0000,
  0x0000, 0x0000, 0x0000, 0x0000, 0x0000, 0x0000, 0x0000, 0x0000, 0x0000, 0x0000, 0x0000, 0x0000,
  0x0000, 0x0000, 0x0000, 0x0000, 0x0000, 0x0000, 0x0000, 0x0000, 0x0000, 0x0000, 0x0000, 0x0000,
  0x0000, 0x0000, 0x0000, 0x0000, 0x0000, 0x0000, 0x0000, 0x0000, 0x0000, 0x0000, 0x0000, 0x0000,
  0x0000, 0x0000, 0x0000, 0x0000, 0x0000, 0x0000, 0x0000, 0x0000, 0x0000, 0x0000, 0x0000, 0x0000,
  0x0000, 0x0000, 0x0000, 0x0000, 0x0000, 0x0000, 0x0000, 0x0000, 0x0000, 0x0000, 0x0000, 0x0000,
  0x0000, 0x0000, 0x0000, 0x0000, 0x0000, 0x0000, 0x0000, 0x0000, 0x0000, 0x0000, 0x0000, 0x0000,
  0x0000, 0x0000, 0x0000, 0x0000, 0x0000, 0x0000, 0x0000, 0x0000, 0x0000, 0x0000, 0x0000, 0x0000,
  0x0000, 0x0000, 0x0000, 0x0000, 0x0000, 0x0000, 0x0000, 0x0000, 0x0000, 0x0000, 0x0000, 0x0000,
  0x0000, 0x0000, 0x0000, 0x0000, 0x0000, 0x0000, 0x0000, 0x0000, 0x0000, 0x0000, 0x0000, 0x0000,
  0x0000, 0x0000, 0x0000, 0x0000, 0x0000, 0x0000, 0x0000, 0x0000, 0x0000, 0x0000, 0x0000, 0x0000,
  0x0000, 0x0000, 0x0000, 0x0000, 0x0000, 0x0000, 0x0000, 0x0000, 0x0000, 0x0000, 0x0000, 0x0000,
  0x0000, 0x0000, 0x0000, 0x0000, 0x0000, 0x0000, 0x0000, 0x0000, 0x0000, 0x0000, 0x0000, 0x0000,
  0x0000, 0x0000, 0x0000, 0x0000, 0x0000, 0x0000, 0x0000, 0x0000, 0x0000, 0x0000, 0x0000, 0x0000,
  0x0000, 0x0000, 0x0000, 0x0000, 0x0000, 0x0000, 0x0000, 0x0000, 0x0000, 0x0000, 0x0000, 0x0000,
  0x0000, 0x0000, 0x0000, 0x0000, 0x0000, 0x0000, 0x0000, 0x0000, 0x0000, 0x0000, 0x0000, 0x0000,
  0x0000, 0x0000, 0x0000, 0x0000, 0x0000, 0x0000, 0x0000, 0x0000, 0x0000, 0x0000, 0x0000, 0x0000,
  0x0000, 0x0000, 0x0000, 0x0000, 0x0000, 0x0000, 0x0000, 0x0000, 0x0000, 0x0000, 0x0000, 0x0000,
  0x0000, 0x0000, 0x0000, 0x0000, 0x0000, 0x0000, 0x0000, 0x0000, 0x0000, 0x0000, 0x0000, 0x0000,
  0x0000, 0x0000, 0x0000, 0x0000, 0x0000, 0x0000, 0x0000, 0x0000, 0x0000, 0x0000, 0x0000, 0x0000,
  0x0000, 0x0000, 0x0000, 0x0000, 0x0000, 0x0000, 0x0000, 0x0000, 0x0000, 0x0000, 0x0000, 0x0000,
  0x0000, 0x0000, 0x0000, 0x0000, 0x0000, 0x0000, 0x0000, 0x0000, 0x0000, 0x0000, 0x0000, 0x0000,
  0x0000, 0x0000, 0x0000, 0x0000, 0x0000, 0x0000, 0x0000, 0x0000, 0x0000, 0x0000, 0x0000, 0x0000,
  0x0000, 0x0000, 0x0000, 0x0000, 0x0000, 0x0000, 0x0000, 0x0000, 0x0000, 0x0000, 0x0000, 0x0000,
  0x0000, 0x0000, 0x0000, 0x0000, 0x0000, 0x0000, 0x0000, 0x0000, 0x0000, 0x0000, 0x0000, 0x0000,
  0x0000, 0x0000, 0x0000, 0x0000, 0x0000, 0x0000, 0x0000, 0x0000, 0x0000, 0x0000, 0x0000, 0x0000,
  0x0000, 0x0000, 0x0000, 0x0000, 0x0000, 0x0000, 0x0000, 0x0000, 0x0000, 0x0000, 0x0000, 0x0000,
  0x0000, 0x0000, 0x0000, 0x0000, 0x0000, 0x0000, 0x0000, 0x0000, 0x0000, 0x0000, 0x0000, 0x0000,
  0x0000, 0x0000, 0x0000, 0x0000, 0x0000, 0x0000, 0x0000, 0x0000, 0x0000, 0x0000, 0x0000, 0x0000,
  0x0000, 0x0000, 0x0000, 0x0000, 0x0000, 0x0000, 0x0000, 0x0000, 0x0000, 0x0000, 0x0000, 0x0000,
  0x0000, 0x0000, 0x0000, 0x0000, 0x0000, 0x0000, 0x0000, 0x0000, 0x0000, 0x0000, 0x0000, 0x0000,
  0x0000, 0x0000, 0x0000, 0x0000, 0x0000, 0x0000, 0x0000, 0x0000, 0x0000, 0x0000, 0x0000, 0x0000,
  0x0000, 0x0000, 0x0000, 0x0000, 0x0000, 0x0000, 0x0000, 0x0000, 0x0000, 0x0000, 0x0000, 0x0000,
  0x0000, 0x0000, 0x0000, 0x0000, 0x0000, 0x0000, 0x0000, 0x0000, 0x0000, 0x0000, 0x0000, 0x0000,
  0x0000, 0x0000, 0x0000, 0x0000, 0x0000, 0x0000, 0x0000, 0x0000, 0x0000, 0x0000, 0x0000, 0x0000,
  0x0000, 0x0000, 0x0000, 0x0000, 0x0000, 0x0000, 0x0000, 0x0000, 0x0000, 0x0000, 0x0000, 0x0000,
  0x0000, 0x0000, 0x0000, 0x0000, 0x0000, 0x0000, 0x0000, 0x0000, 0x0000, 0x0000, 0x0000, 0x0000,
  0x0000, 0x0000, 0x0000, 0x0000, 0x0000, 0x0000, 0x0000, 0x0000, 0x0000, 0x0000, 0x0000, 0x0000,
  0x0000, 0x0000, 0x0000, 0x0000, 0x0000, 0x0000, 0x0000, 0x0000, 0x0000, 0x0000, 0x0000, 0x0000,
  0x0000, 0x0000, 0x0000, 0x0000, 0x0000, 0x0000, 0x0000, 0x0000, 0x0000, 0x0000, 0x0000, 0x0000,
  0x0000, 0x0000, 0x0000, 0x0000, 0x0000, 0x0000, 0x0000, 0x0000, 0x0000, 0x0000, 0x0000, 0x0000,
  0x0000, 0x0000, 0x0000, 0x0000, 0x0000, 0x0000, 0x0000, 0x0000, 0x0000, 0x0000, 0x0000, 0x0000,
  0x0000, 0x0000, 0x0000, 0x0000, 0x0000, 0x0000, 0x0000, 0x0000, 0x0000, 0x0000, 0x0000, 0x0000,
  0x0000, 0x0000, 0x0000, 0x0000, 0x0000, 0x0000, 0x0000, 0x0000, 0x0000, 0x0000, 0x0000, 0x0000,
  0x0000, 0x0000, 0x0000, 0x0000, 0x0000, 0x0000, 0x0000, 0x0000, 0x0000, 0x0000, 0x0000, 0x0000,
  0x0000, 0x0000, 0x0000, 0x0000, 0x0000, 0x0000, 0x0000, 0x0000, 0x0000, 0x0000, 0x0000, 0x0000,
  0x0000, 0x0000, 0x0000, 0x0000, 0x0000, 0x0000, 0x0000, 0x0000, 0x0000, 0x0000, 0x0000, 0x0000,
  0x0000, 0x0000, 0x0000, 0x0000, 0x0000, 0x0000, 0x0000, 0x0000, 0x0000, 0x0000, 0x0000, 0x0000,
  0x0000, 0x0000, 0x0000, 0x0000, 0x0000, 0x0000, 0x0000, 0x0000, 0x0000, 0x0000, 0x0000, 0x0000,
  0x0000, 0x0000, 0x0000, 0x0000, 0x0000, 0x0000, 0x0000, 0x0000, 0x0000, 0x0000, 0x0000, 0x0000,
  0x0000, 0x0000, 0x0000, 0x0000, 0x0000, 0x0000, 0x0000, 0x0000, 0x0000, 0x0000, 0x0000, 0x0000,
  0x0000, 0x0000, 0x0000, 0x0000, 0x0000, 0x0000, 0x0000, 0x0000, 0x0000, 0x0000, 0x0000, 0x0000,
  0x0000, 0x0000, 0x0000, 0x0000, 0x0000, 0x0000, 0x0000, 0x0000, 0x0000, 0x0000, 0x0000, 0x0000,
  0x0000, 0x0000, 0x0000, 0x0000, 0x0000, 0x0000, 0x0000, 0x0000, 0x0000, 0x0000, 0x0000, 0x0000,
  0x0000, 0x0000, 0x0000, 0x0000, 0x0000, 0x0000, 0x0000, 0x0000, 0x0000, 0x0000, 0x0000, 0x0000,
  0x0000, 0x0000, 0x0000, 0x0000, 0x0000, 0x0000, 0x0000, 0x0000, 0x0000, 0x0000, 0x0000, 0x0000,
  0x0000, 0x0000, 0x0000, 0x0000, 0x0000, 0x0000, 0x0000, 0x0000, 0x0000, 0x0000, 0x0000, 0x0000,
  0x0000, 0x0000, 0x0000, 0x0000, 0x0000, 0x0000, 0x0000, 0x0000, 0x0000, 0x0000, 0x0000, 0x0000,
  0x0000, 0x0000, 0x0000, 0x0000, 0x0000, 0x0000, 0x0000, 0x0000, 0x0000, 0x0000, 0x0000, 0x0000,
  0x0000, 0x0000, 0x0000, 0x0000, 0x0000, 0x0000, 0x0000, 0x0000, 0x0000, 0x0000, 0x0000, 0x0000,
  0x0000, 0x0000, 0x0000, 0x0000, 0x0000, 0x0000, 0x0000, 0x0000, 0x0000, 0x0000, 0x0000, 0x0000,
  0x0000, 0x0000, 0x0000, 0x0000, 0x0000, 0x0000, 0x0000, 0x0000, 0x0000, 0x0000, 0x0000, 0x0000,
  0x0000, 0x0000, 0x0000, 0x0000, 0x0000, 0x0000, 0x0000, 0x0000, 0x0000, 0x0000, 0x0000, 0x0000,
  0x0000, 0x0000, 0x0000, 0x0000, 0x0000, 0x0000, 0x0000, 0x0000, 0x0000, 0x0000, 0x0000, 0x0000,
  0x0000, 0x0000, 0x0000, 0x0000, 0x0000, 0x0000, 0x0000, 0x0000, 0x0000, 0x0000, 0x0000, 0x0000,
  0x0000, 0x0000, 0x0000, 0x0000, 0x0000, 0x0000, 0x0000, 0x0000, 0x0000, 0x0000, 0x0000, 0x0000,
  0x0000, 0x0000, 0x0000, 0x0000, 0x0000, 0x0000, 0x0000, 0x0000, 0x0000, 0x0000, 0x0000, 0x0000,
  0x0000, 0x0000, 0x0000, 0x0000, 0x0000, 0x0000, 0x0000, 0x0000, 0x0000, 0x0000, 0x0000, 0x0000,
  0x0000, 0x0000, 0x0000, 0x0000, 0x0000, 0x0000, 0x0000, 0x0000, 0x0000, 0x0000, 0x0000, 0x0000,
  0x0000, 0x0000, 0x0000, 0x0000, 0x0000, 0x0000, 0x0000, 0x0000, 0x0000, 0x0000, 0x0000, 0x0000,
  0x0000, 0x0000, 0x0000, 0x0000, 0x0000, 0x0000, 0x0000, 0x0000, 0x0000, 0x0000, 0x0000, 0x0000,
  0x0000, 0x0000, 0x0000, 0x0000, 0x0000, 0x0000, 0x0000, 0x0000, 0x0000, 0x0000, 0x0000, 0x0000,
  0x0000, 0x0000, 0x0000, 0x0000, 0x0000, 0x0000, 0x0000, 0x0000, 0x0000, 0x0000, 0x0000, 0x0000,
  0x0000, 0x0000, 0x0000, 0x0000, 0x0000, 0x0000, 0x0000, 0x0000, 0x0000, 0x0000, 0x0000, 0x0000,
  0x0000, 0x0000, 0x0000, 0x0000, 0x0000, 0x0000, 0x0000, 0x0000, 0x0000, 0x0000, 0x0000, 0x0000,
  0x0000, 0x0000, 0x0000, 0x0000, 0x0000, 0x0000, 0x0000, 0x0000, 0x0000, 0x0000, 0x0000, 0x0000,
  0x0000, 0x0000, 0x0000, 0x0000, 0x0000, 0x0000, 0x0000, 0x0000, 0x0000, 0x0000, 0x0000, 0x0000,
  0x0000, 0x0000, 0x0000, 0x0000, 0x0000, 0x0000, 0x0000, 0x0000, 0x0000, 0x0000, 0x0000, 0x0000,
  0x0000, 0x0000, 0x0000, 0x0000, 0x0000, 0x0000, 0x0000, 0x0000, 0x0000, 0x0000, 0x0000, 0x0000,
  0x0000, 0x0000, 0x0000, 0x0000, 0x0000, 0x0000, 0x0000, 0x0000, 0x0000, 0x0000, 0x0000, 0x0000,
  0x0000, 0x0000, 0x0000, 0x0000, 0x0000, 0x0000, 0x0000, 0x0000, 0x0000, 0x0000, 0x0000, 0x0000,
  0x0000, 0x0000, 0x0000, 0x0000, 0x0000, 0x0000, 0x0000, 0x0000, 0x0000, 0x0000, 0x0000, 0x0000,
  0x0000, 0x0000, 0x0000, 0x0000, 0x0000, 0x0000, 0x0000, 0x0000, 0x0000, 0x0000, 0x0000, 0x0000,
  0x0000, 0x0000, 0x0000, 0x0000, 0x0000, 0x0000, 0x0000, 0x0000, 0x0000, 0x0000, 0x0000, 0x0000,
  0x0000, 0x0000, 0x0000, 0x0000, 0x0000, 0x0000, 0x0000, 0x0000, 0x0000, 0x0000, 0x0000, 0x0000,
  0x0000, 0x0000, 0x0000, 0x0000, 0x0000, 0x0000, 0x0000, 0x0000, 0x0000, 0x0000, 0x0000, 0x0000,
  0x0000, 0x0000, 0x0000, 0x0000, 0x0000, 0x0000, 0x0000, 0x0000, 0x0000, 0x0000, 0x0000, 0x0000,
  0x0000, 0x0000, 0x0000, 0x0000, 0x0000, 0x0000, 0x0000, 0x0000, 0x0000, 0x0000, 0x0000, 0x0000,
  0x0000, 0x0000, 0x0000, 0x0000, 0x0000, 0x0000, 0x0000, 0x0000, 0x0000, 0x0000, 0x0000, 0x0000,
  0x0000, 0x0000, 0x0000, 0x0000, 0x0000, 0x0000, 0x0000, 0x0000, 0x0000, 0x0000, 0x0000, 0x0000,
  0x0000, 0x0000, 0x0000, 0x0000, 0x0000, 0x0000, 0x0000, 0x0000, 0x0000, 0x0000, 0x0000, 0x0000,
  0x0000, 0x0000, 0x0000, 0x0000, 0x0000, 0x0000, 0x0000, 0x0000, 0x0000, 0x0000, 0x0000, 0x0000,
  0x0000, 0x0000, 0x0000, 0x0000, 0x0000, 0x0000, 0x0000, 0x0000, 0x0000, 0x0000, 0x0000, 0x0000,
  0x0000, 0x0000, 0x0000, 0x0000, 0x0000, 0x0000, 0x0000, 0x0000, 0x0000, 0x0000, 0x0000, 0x0000,
  0x0000, 0x0000, 0x0000, 0x0000, 0x0000, 0x0000, 0x0000, 0x0000, 0x0000, 0x0000, 0x0000, 0x0000,
  0x0000, 0x0000, 0x0000, 0x0000, 0x0000, 0x0000, 0x0000, 0x0000, 0x0000, 0x0000, 0x0000, 0x0000,
  0x0000, 0x0000, 0x0000, 0x0000, 0x0000, 0x0000, 0x0000, 0x0000, 0x0000, 0x0000, 0x0000, 0x0000,
  0x0000, 0x0000, 0x0000, 0x0000, 0x0000, 0x0000, 0x0000, 0x0000, 0x0000, 0x0000, 0x0000, 0x0000,
  0x0000, 0x0000, 0x0000, 0x0000, 0x0000, 0x0000, 0x0000, 0x0000, 0x0000, 0x0000, 0x0000, 0x0000,
  0x0000, 0x0000, 0x0000, 0x0000, 0x0000, 0x0000, 0x0000, 0x0000, 0x0000, 0x0000, 0x0000, 0x0000,
  0x0000, 0x0000, 0x0000, 0x0000, 0x0000, 0x0000, 0x0000, 0x0000, 0x0000, 0x0000, 0x0000, 0x0000,
  0x0000, 0x0000, 0x0000, 0x0000, 0x0000, 0x0000, 0x0000, 0x0000, 0x0000, 0x0000, 0x0000, 0x0000,
  0x0000, 0x0000, 0x0000, 0x0000, 0x0000, 0x0000, 0x0000, 0x0000, 0x0000, 0x0000, 0x0000, 0x0000,
  0x0000, 0x0000, 0x0000, 0x0000, 0x0000, 0x0000, 0x0000, 0x0000, 0x0000, 0x0000, 0x0000, 0x0000,
  0x0000, 0x0000, 0x0000, 0x0000, 0x0000, 0x0000, 0x0000, 0x0000, 0x0000, 0x0000, 0x0000, 0x0000,
  0x0000, 0x0000, 0x0000, 0x0000, 0x0000, 0x0000, 0x0000, 0x0000, 0x0000, 0x0000, 0x0000, 0x0000,
  0x0000, 0x0000, 0x0000, 0x0000, 0x0000, 0x0000, 0x0000, 0x0000, 0x0000, 0x0000, 0x0000, 0x0000,
  0x0000, 0x0000, 0x0000, 0x0000, 0x0000, 0x0000, 0x0000, 0x0000, 0x0000, 0x0000, 0x0000, 0x0000,
  0x0000, 0x0000, 0x0000, 0x0000, 0x0000, 0x0000, 0x0000, 0x0000, 0x0000, 0x0000, 0x0000, 0x0000,
  0x0000, 0x0000, 0x0000, 0x0000, 0x0000, 0x0000, 0x0000, 0x0000, 0x0000, 0x0000, 0x0000, 0x0000,
  0x0000, 0x0000, 0x0000, 0x0000, 0x0000, 0x0000, 0x0000, 0x0000, 0x0000, 0x0000, 0x0000, 0x0000,
  0x0000, 0x0000, 0x0000, 0x0000, 0x0000, 0x0000, 0x0000, 0x0000, 0x0000, 0x0000, 0x0000, 0x0000,
  0x0000, 0x0000, 0x0000, 0x0000, 0x0000, 0x0000, 0x0000, 0x0000, 0x0000, 0x0000, 0x0000, 0x0000,
  0x0000, 0x0000, 0x0000, 0x0000, 0x0000, 0x0000, 0x0000, 0x0000, 0x0000, 0x0000, 0x0000, 0x0000,
  0x0000, 0x0000, 0x0000, 0x0000, 0x0000, 0x0000, 0x0000, 0x0000, 0x0000, 0x0000, 0x0000, 0x0000,
  0x0000, 0x0000, 0x0000, 0x0000, 0x0000, 0x0000, 0x0000, 0x0000, 0x0000, 0x0000, 0x0000, 0x0000,
  0x0000, 0x0000, 0x0000, 0x0000, 0x0000, 0x0000, 0x0000, 0x0000, 0x0000, 0x0000, 0x0000, 0x0000,
  0x0000, 0x0000, 0x0000, 0x0000, 0x0000, 0x0000, 0x0000, 0x0000, 0x0000, 0x0000, 0x0000, 0x0000,
  0x0000, 0x0000, 0x0000, 0x0000, 0x0000, 0x0000, 0x0000, 0x0000, 0x0000, 0x0000, 0x0000, 0x0000,
  0x0000, 0x0000, 0x0000, 0x0000, 0x0000, 0x0000, 0x0000, 0x0000, 0x0000, 0x0000, 0x0000, 0x0000,
  0x0000, 0x0000, 0x0000, 0x0000, 0x0000, 0x0000, 0x0000, 0x0000, 0x0000, 0x0000, 0x0000, 0x0000,
  0x0000, 0x0000, 0x0000, 0x0000, 0x0000, 0x0000, 0x0000, 0x0000, 0x0000, 0x0000, 0x0000, 0x0000,
  0x0000, 0x0000, 0x0000, 0x0000, 0x0000, 0x0000, 0x0000, 0x0000, 0x0000, 0x0000, 0x0000, 0x0000,
  0x0000, 0x0000, 0x0000, 0x0000, 0x0000, 0x0000, 0x0000, 0x0000, 0x0000, 0x0000, 0x0000, 0x0000,
  0x0000, 0x0000, 0x0000, 0x0000, 0x0000, 0x0000, 0x0000, 0x0000, 0x0000, 0x0000, 0x0000, 0x0000,
  0x0000, 0x0000, 0x0000, 0x0000, 0x0000, 0x0000, 0x0000, 0x0000, 0x0000, 0x0000, 0x0000, 0x0000,
  0x0000, 0x0000, 0x0000, 0x0000, 0x0000, 0x0000, 0x0000, 0x0000, 0x0000, 0x0000, 0x0000, 0x0000,
  0x0000, 0x0000, 0x0000, 0x0000, 0x0000, 0x0000, 0x0000, 0x0000, 0x0000, 0x0000, 0x0000, 0x0000,
  0x0000, 0x0000, 0x0000, 0x0000, 0x0000, 0x0000, 0x0000, 0x0000, 0x0000, 0x0000, 0x0000, 0x0000,
  0x0000, 0x0000, 0x0000, 0x0000, 0x0000, 0x0000, 0x0000, 0x0000, 0x0000, 0x0000, 0x0000, 0x0000,
  0x0000, 0x0000, 0x0000, 0x0000, 0x0000, 0x0000, 0x0000, 0x0000, 0x0000, 0x0000, 0x0000, 0x0000,
  0x0000, 0x0000, 0x0000, 0x0000, 0x0000, 0x0000, 0x0000, 0x0000, 0x0000, 0x0000, 0x0000, 0x0000,
  0x0000, 0x0000, 0x0000, 0x0000, 0x0000, 0x0000, 0x0000, 0x0000, 0x0000, 0x0000, 0x0000, 0x0000,
  0x0000, 0x0000, 0x0000, 0x0000, 0x0000, 0x0000, 0x0000, 0x0000, 0x0000, 0x0000, 0x0000, 0x0000,
  0x0000, 0x0000, 0x0000, 0x0000, 0x0000, 0x0000, 0x0000, 0x0000, 0x0000, 0x0000, 0x0000, 0x0000,
  0x0000, 0x0000, 0x0000, 0x0000, 0x0000, 0x0000, 0x0000, 0x0000, 0x0000, 0x0000, 0x0000, 0x0000,
  0x0000, 0x0000, 0x0000, 0x0000, 0x0000, 0x0000, 0x0000, 0x0000, 0x0000, 0x0000, 0x0000, 0x0000,
  0x0000, 0x0000, 0x0000, 0x0000, 0x0000, 0x0000, 0x0000, 0x0000, 0x0000, 0x0000, 0x0000, 0x0000,
  0x0000, 0x0000, 0x0000, 0x0000, 0x0000, 0x0000, 0x0000, 0x0000, 0x0000, 0x0000, 0x0000, 0x0000,
  0x0000, 0x0000, 0x0000, 0x0000, 0x0000, 0x0000, 0x0000, 0x0000, 0x0000, 0x0000, 0x0000, 0x0000,
  0x0000, 0x0000, 0x0000, 0x0000, 0x0000, 0x0000, 0x0000, 0x0000, 0x0000, 0x0000, 0x0000, 0x0000,
  0x0000, 0x0000, 0x0000, 0x0000, 0x0000, 0x0000, 0x0000, 0x0000, 0x0000, 0x0000, 0x0000, 0x0000,
  0x0000, 0x0000, 0x0000, 0x0000, 0x0000, 0x0000, 0x0000, 0x0000, 0x0000, 0x0000, 0x0000, 0x0000,
  0x0000, 0x0000, 0x0000, 0x0000, 0x0000, 0x0000, 0x0000, 0x0000, 0x0000, 0x0000, 0x0000, 0x0000,
  0x0000, 0x0000, 0x0000, 0x0000, 0x0000, 0x0000, 0x0000, 0x0000, 0x0000, 0x0000, 0x0000, 0x0000,
  0x0000, 0x0000, 0x0000, 0x0000, 0x0000, 0x0000, 0x0000, 0x0000, 0x0000, 0x0000, 0x0000, 0x0000,
  0x0000, 0x0000, 0x0000, 0x0000, 0x0000, 0x0000, 0x0000, 0x0000, 0x0000, 0x0000, 0x0000, 0x0000,
  0x0000, 0x0000, 0x0000, 0x0000, 0x0000, 0x0000, 0x0000, 0x0000, 0x0000, 0x0000, 0x0000, 0x0000,
  0x0000, 0x0000, 0x0000, 0x0000, 0x0000, 0x0000, 0x0000, 0x0000, 0x0000, 0x0000, 0x0000, 0x0000,
  0x0000, 0x0000, 0x0000, 0x0000, 0x0000, 0x0000, 0x0000, 0x0000, 0x0000, 0x0000, 0x0000, 0x0000,
  0x0000, 0x0000, 0x0000, 0x0000, 0x0000, 0x0000, 0x0000, 0x0000, 0x0000, 0x0000, 0x0000, 0x0000,
  0x0000, 0x0000, 0x0000, 0x0000, 0x0000, 0x0000, 0x0000, 0x0000, 0x0000, 0x0000, 0x0000, 0x0000,
  0x0000, 0x0000, 0x0000, 0x0000, 0x0000, 0x0000, 0x0000, 0x0000, 0x0000, 0x0000, 0x0000, 0x0000,
  0x0000, 0x0000, 0x0000, 0x0000, 0x0000, 0x0000, 0x0000, 0x0000, 0x0000, 0x0000, 0x0000, 0x0000,
  0x0000, 0x0000, 0x0000, 0x0000, 0x0000, 0x0000, 0x0000, 0x0000, 0x0000, 0x0000, 0x0000, 0x0000,
  0x0000, 0x0000, 0x0000, 0x0000, 0x0000, 0x0000, 0x0000, 0x0000, 0x0000, 0x0000, 0x0000, 0x0000,
  0x0000, 0x0000, 0x0000, 0x0000, 0x0000, 0x0000, 0x0000, 0x0000, 0x0000, 0x0000, 0x0000, 0x0000,
  0x0000, 0x0000, 0x0000, 0x0000, 0x0000, 0x0000, 0x0000, 0x0000, 0x0000, 0x0000, 0x0000, 0x0000,
  0x0000, 0x0000, 0x0000, 0x0000, 0x0000, 0x0000, 0x0000, 0x0000, 0x0000, 0x0000, 0x0000, 0x0000,
  0x0000, 0x0000, 0x0000, 0x0000, 0x0000, 0x0000, 0x0000, 0x0000, 0x0000, 0x0000, 0x0000, 0x0000,
  0x0000, 0x0000, 0x0000, 0x0000, 0x0000, 0x0000, 0x0000, 0x0000, 0x0000, 0x0000, 0x0000, 0x0000,
  0x0000, 0x0000, 0x0000, 0x0000, 0x0000, 0x0000, 0x0000, 0x0000, 0x0000, 0x0000, 0x0000, 0x0000,
  0x0000, 0x0000, 0x0000, 0x0000, 0x0000, 0x0000, 0x0000, 0x0000, 0x0000, 0x0000, 0x0000, 0x0000,
  0x0000, 0x0000, 0x0000, 0x0000, 0x0000, 0x0000, 0x0000, 0x0000, 0x0000, 0x0000, 0x0000, 0x0000,
  0x0000, 0x0000, 0x0000, 0x0000, 0x0000, 0x0000, 0x0000, 0x0000, 0x0000, 0x0000, 0x0000, 0x0000,
  0x0000, 0x0000, 0x0000, 0x0000, 0x0000, 0x0000, 0x0000, 0x0000, 0x0000, 0x0000, 0x0000, 0x0000,
  0x0000, 0x0000, 0x0000, 0x0000, 0x0000, 0x0000, 0x0000, 0x0000, 0x0000, 0x0000, 0x0000, 0x0000,
  0x0000, 0x0000, 0x0000, 0x0000, 0x0000, 0x0000, 0x0000, 0x0000, 0x0000, 0x0000, 0x0000, 0x0000,
  0x0000, 0x0000, 0x0000, 0x0000, 0x0000, 0x0000, 0x0000, 0x0000, 0x0000, 0x0000, 0x0000, 0x0000,
  0x0000, 0x0000, 0x0000, 0x0000, 0x0000, 0x0000, 0x0000, 0x0000, 0x0000, 0x0000, 0x0000, 0x0000,
  0x0000, 0x0000, 0x0000, 0x0000, 0x0000, 0x0000, 0x0000, 0x0000, 0x0000, 0x0000, 0x0000, 0x0000,
  0x0000, 0x0000, 0x0000, 0x0000, 0x0000, 0x0000, 0x0000, 0x0000, 0x2000, 0x2000, 0x2000, 0x2000,
  0x2000, 0x2000, 0x2000, 0x2000, 0x2000, 0x2000, 0x2000, 0x2000, 0x2000, 0x2000, 0x2000, 0x0000,
  0x0000, 0x0000, 0x2000, 0x0000, 0x0000, 0x0000, 0x0000, 0x0000, 0x0000, 0x0000, 0x0000, 0x0000,
  0x0000, 0x0000, 0x0000, 0x0000, 0x0000, 0x0000, 0x0000, 0x0000, 0x0000, 0x0000, 0x0000, 0x0000,
  0x0000, 0x0000, 0x0000, 0x0000, 0x0000, 0x0000, 0x0000, 0x0000, 0x0000, 0x0000, 0x0000, 0x0000,
  0x0000, 0x0000, 0x0000, 0x0000, 0x0000, 0x0000, 0x0000, 0x0000, 0x0000, 0x0000, 0x0000, 0x0000,
  0x0000, 0x0000, 0x0000, 0x0000, 0x0000, 0x0000, 0x0000, 0x0000, 0x0000, 0x0000, 0x0000, 0x0000,
  0x0000, 0x0000, 0x0000, 0x0000, 0x0000, 0x0000, 0x0000, 0x0000, 0x0000, 0x0000, 0x0000, 0x0000,
  0x0000, 0x0000, 0x0000, 0x0000, 0x2100, 0x4200, 0x4200, 0x4200, 0xA208, 0x4200, 0x4200, 0x4200,
  0x4200, 0x4200, 0x4200, 0x4200, 0x4200, 0x4200, 0x4200, 0x4200, 0x4200, 0x4200, 0x2100, 0x0000,
  0x0000, 0x0000, 0x0000, 0x0000, 0x0000, 0x0000, 0x0000, 0x0000, 0x0000, 0x0000, 0x0000, 0x0000,
  0x0000, 0x0000, 0x0000, 0x0000, 0x0000, 0x0000, 0x0000, 0x0000, 0x0000, 0x0000, 0x0000, 0x0000,
  0x0000, 0x0000, 0x0000, 0x0000, 0x0000, 0x0000, 0x0000, 0x0000, 0x0000, 0x0000, 0x0000, 0x0000,
  0x0000, 0x0000, 0x0000, 0x0000, 0x0000, 0x0000, 0x0000, 0x0000, 0x0000, 0x0000, 0x0000, 0x0000,
  0x0000, 0x0000, 0x0000, 0x0000, 0x0000, 0x0000, 0x0000, 0x0000, 0x0000, 0x0000, 0x0000, 0x0000,
  0x0000, 0x0000, 0x0000, 0x0000, 0x0000, 0x0000, 0x0000, 0x0000, 0x0000, 0x0000, 0x0000, 0x0000,
  0x0000, 0x0000, 0x0000, 0x0000, 0x0000, 0x0000, 0x0000, 0x0000, 0x0000, 0x0000, 0x0000, 0x0000,
  0x0000, 0x0000, 0x0000, 0x0000, 0x0000, 0x0000, 0x0000, 0x0000, 0x0000, 0x0000, 0x0000, 0x0000,
  0x0000, 0x0000, 0x0000, 0x0000, 0x0000, 0x0000, 0x0000, 0x0000, 0x0000, 0x0000, 0x0000, 0x0000,
  0x0000, 0x0000, 0x0000, 0x0000, 0x0000, 0x0000, 0x0000, 0x0000, 0x0000, 0x0000, 0x0000, 0x0000,
  0x0000, 0x0000, 0x0000, 0x0000, 0x0000, 0x0000, 0x0000, 0x0000, 0x0000, 0x0000, 0x0000, 0x0000,
  0x2000, 0x0000, 0x0000, 0x0000, 0x0000, 0x0000, 0x0000, 0x0000, 0x0000, 0x0000, 0x0000, 0x0000,
  0x0000, 0x0000, 0x0000, 0x0000, 0x0000, 0x0000, 0x0000, 0x0000, 0x0000, 0x0000, 0x0000, 0x0000,
  0x0000, 0x0000, 0x0000, 0x0000, 0x0000, 0x0000, 0x0000, 0x0000, 0x0000, 0x0000, 0x0000, 0x0000,
  0x0000, 0x0000, 0x0000, 0x0000, 0x0000, 0x0000, 0x0000, 0x0000, 0x0000, 0x0000, 0x0000, 0x0000,
  0x0000, 0x0000, 0x0000, 0x0000, 0x0000, 0x0000, 0x0000, 0x0000, 0x0000, 0x0000, 0x0000, 0x0000,
  0x0000, 0x0000, 0x0000, 0x0000, 0x0000, 0x0000, 0x6138, 0x6140, 0x6240, 0x4140, 0x4240, 0x2140,
  0x8749, 0xFDCE, 0x1CDF, 0x1CDF, 0x7BA5, 0x9CCE, 0x1DDF, 0xFDD6, 0xFDD6, 0xFDD6, 0xFDD6, 0xFDD6,
  0xFDD6, 0x1DD7, 0xFDD6, 0xFDD6, 0xFCD6, 0x1DDF, 0x118C, 0x8150, 0xC258, 0xA158, 0xA158, 0xA158,
  0xA158, 0xC158, 0x8150, 0x6148, 0x6148, 0x6148, 0x8148, 0x8248, 0xA248, 0x6148, 0x6148, 0x6148,
  0x6148, 0x6150, 0x6150, 0x4148, 0x6150, 0x6150, 0x6150, 0x6148, 0x6148, 0x6148, 0x6148, 0x6150,
  0x6050, 0x8158, 0xA158, 0xA158, 0xA158, 0xA158, 0xA150, 0xC150, 0x8150, 0x8150, 0x6150, 0x8150,
  0xA158, 0xA158, 0xA158, 0xA150, 0x8150, 0x8150, 0xA158, 0xA158, 0xA158, 0xA158, 0x8158, 0x6150,
  0x6148, 0x6148, 0x6148, 0x8148, 0x6248, 0x4240, 0x6248, 0xA248, 0x8248, 0x6140, 0x4130, 0x4138,
  0x4138, 0x4138, 0x4138, 0x6140, 0xA250, 0xA348, 0xE350, 0x0351, 0x0351, 0x0449, 0x2449, 0x0449,
  0xC348, 0x4140, 0x4148, 0x6248, 0x6248, 0x6248, 0x6248, 0x6248, 0x6248, 0x4248, 0x6248, 0x6248,
  0x6248, 0x6120, 0x2000, 0x0000, 0x0000, 0x0000, 0x0000, 0x0000, 0x0000, 0x0000, 0x0000, 0x0000,
  0x0000, 0x0000, 0x0000, 0x0000, 0x0000, 0x0000, 0x0000, 0x0000, 0x0000, 0x0000, 0x8210, 0x8A4A,
  0xCC4A, 0x8B42, 0xAB4A, 0xAB4A, 0xAB4A, 0xCB4A, 0xCB4A, 0xAB4A, 0xAB4A, 0xCB4A, 0xCB52, 0xCB4A,
  0xAB4A, 0xAB4A, 0x8B42, 0x8B42, 0x2A3A, 0xE931, 0xAB4A, 0x4529, 0x0000, 0x4108, 0x2000, 0x2000,
  0x0000, 0x0000, 0x0000, 0x0000, 0x0000, 0x0000, 0x0000, 0x2000, 0x2000, 0x4108, 0x2200, 0x2100,
  0x2000, 0x0000, 0x0000, 0x0000, 0x2100, 0x0000, 0x0000, 0x0000, 0x0000, 0x0000, 0x0000, 0x0000,
  0x0000, 0x0000, 0x0000, 0x0000, 0x0000, 0x0000, 0x0000, 0x0000, 0x0000, 0x0000, 0x0000, 0x0000,
  0x0000, 0x0000, 0x0000, 0x0000, 0x0000, 0x0000, 0x0000, 0x0000, 0x0000, 0x0000, 0x0000, 0x0000,
  0x0000, 0x0000, 0x0000, 0x0000, 0x0000, 0x0000, 0x0000, 0x0000, 0x0000, 0x0000, 0x0000, 0x0000,
  0x0000, 0x0000, 0xA1C0, 0x03C9, 0x82C0, 0xA2C0, 0x43C1, 0xE2C8, 0x49B2, 0xDFEF, 0xFD7B, 0xBE73,
  0x1E63, 0xBEFF, 0xFEFF, 0xFEFF, 0xFFFF, 0xFFFF, 0xFFFF, 0xFFFF, 0xFEFF, 0xDEFF, 0xFFFF, 0xDEDE,
  0xDD9C, 0xFFFF, 0x95DD, 0xA1F1, 0xE3F1, 0xC2F1, 0xC2F1, 0xC2F1, 0xC2F1, 0xC2F1, 0xA2E9, 0x21D9,
  0x02D1, 0x23C9, 0x23C9, 0x22C9, 0x22D1, 0x22D1, 0x22D1, 0x22D9, 0x22E1, 0x22D9, 0x42E1, 0x42E1,
  0x62E1, 0x62E1, 0x22D9, 0x22D9, 0x42D9, 0x42D9, 0x22E1, 0x42E1, 0x62E1, 0xA2E9, 0xC3F1, 0xC2E9,
  0xA2E9, 0xA2E9, 0xA3E9, 0xA3E9, 0x82E9, 0x82E9, 0xA3E9, 0xA3E9, 0xC4F1, 0xC3E9, 0xC4F1, 0xC3F1,
  0xC3F1, 0xC3F1, 0xC3F1, 0xC3F1, 0xC3F1, 0xC3F1, 0xA3E9, 0x63D9, 0x22D9, 0x22D1, 0x43D1, 0x23D1,
  0x03C9, 0x24D1, 0x45D1, 0x24C9, 0x64C9, 0x43B9, 0xE3B8, 0x03B9, 0x03B9, 0x03B9, 0xE3B8, 0x44C9,
  0x86D1, 0xC6E1, 0xE7E1, 0x07E2, 0x49DA, 0xAAD2, 0xAACA, 0x69D2, 0xC6C9, 0x03C1, 0x23D1, 0x43C9,
  0x03C1, 0x23C9, 0x23C9, 0x44D1, 0x63C9, 0x22C9, 0x23C9, 0x43C9, 0x43C9, 0x02C1, 0xA270, 0x4118,
  0x2000, 0x4100, 0x4008, 0x4108, 0x4008, 0x4008, 0x2008, 0x4108, 0x4008, 0x4008, 0x4008, 0x4008,
  0x4008, 0x4008, 0x4008, 0x4008, 0x6008, 0x6108, 0x4108, 0x2C5B, 0xDFE7, 0xFFEF, 0xDFEF, 0xFFEF,
  0xFFEF, 0xFFF7, 0xFFF7, 0xFFF7, 0xFFEF, 0xFFF7, 0xFFF7, 0xFFF7, 0xFFF7, 0xFFEF, 0xDFE7, 0x9FDF,
  0x3ECF, 0xDEBE, 0x9FD7, 0x99CE, 0xA641, 0x0000, 0xA210, 0x6108, 0x4108, 0x4108, 0x8210, 0x6108,
  0x4108, 0x8208, 0x6208, 0xA210, 0xA210, 0x0819, 0x4E19, 0x0B19, 0xC610, 0x8310, 0x6208, 0x0000,
  0x0000, 0x0000, 0x0000, 0x0000, 0x0000, 0x0000, 0x0000, 0x0000, 0x0000, 0x0000, 0x0000, 0x0000,
  0x0000, 0x0000, 0x0000, 0x0000, 0x0000, 0x0000, 0x0000, 0x0000, 0x0000, 0x0000, 0x0000, 0x0000,
  0x0000, 0x0000, 0x0000, 0x0000, 0x0000, 0x0000, 0x0000, 0x0000, 0x0000, 0x0000, 0x0000, 0x0000,
  0x0000, 0x0000, 0x0000, 0x0000, 0x0000, 0x0000, 0x0000, 0x0000, 0x0000, 0x0000, 0xC3B0, 0xE2B0,
  0xC2B0, 0x02B9, 0x23B9, 0xC2B0, 0x4BB2, 0xBFEF, 0xBD10, 0x5D08, 0x9CB5, 0x7D4A, 0x9C6B, 0x7D6B,
  0x1D5B, 0xDD5A, 0x9C8C, 0x9D4A, 0xFD5A, 0xDD5A, 0xFD62, 0x5D42, 0x9D73, 0xFFFF, 0x13C5, 0x40D9,
  0xA2E1, 0xA2E1, 0xC2E1, 0xC2E1, 0xA2E1, 0xA2D9, 0xC2D9, 0xA2D1, 0x62D1, 0x42D1, 0x42D1, 0x63D1,
  0x84D1, 0x84D1, 0xA4D9, 0xA3E1, 0xA3E1, 0xA3D9, 0x83D9, 0x83D9, 0xA3E1, 0x83E1, 0x83E1, 0xA2E1,
  0xA2E1, 0xA2E1, 0x83E1, 0xA3D9, 0xA3E1, 0xA3E1, 0xC3E1, 0xA3E1, 0xC3D9, 0xE3E1, 0xE3E1, 0x04E2,
  0xE3E1, 0xE4E9, 0x24EA, 0x44EA, 0x44E2, 0x24EA, 0x24EA, 0x23EA, 0x43EA, 0x23EA, 0x03EA, 0x23E2,
  0x03E2, 0x23E2, 0x03E2, 0x03E2, 0xC3D9, 0xC3D1, 0xA3D1, 0x63D1, 0x64C9, 0x65C9, 0x66C1, 0x66C1,
  0x24C1, 0x23B9, 0x02B9, 0x02B9, 0xE2B8, 0xE2B8, 0x03B9, 0x44C1, 0x44C9, 0xA5D1, 0xA5D1, 0xA5C9,
  0x07CA, 0x27C2, 0x47CA, 0xC6C9, 0x64C9, 0x22C9, 0x02C9, 0x01C1, 0x01C9, 0xE1C8, 0x02C9, 0xE2C8,
  0x01C9, 0x01C9, 0x01D1, 0x02D1, 0xE2D0, 0x01D9, 0x22E1, 0x02C1, 0xC270, 0x6218, 0x2100, 0x6108,
  0x6110, 0x4108, 0x4108, 0x2108, 0x2108, 0x2100, 0x2108, 0x4108, 0x2108, 0x2108, 0x2108, 0x2108,
  0x4108, 0x6110, 0x4108, 0x0000, 0x8631, 0x18BE, 0xFFFF, 0x9EEF, 0x9EEF, 0xBFF7, 0xDFF7, 0xDFF7,
  0xDFF7, 0xDFF7, 0xBEF7, 0xBEF7, 0xDEF7, 0xBEF7, 0xBEEF, 0x9EEF, 0x9FEF, 0xBFE7, 0x3DDF, 0x7EDF,
  0x1CD7, 0x074A, 0x0000, 0x8210, 0x6210, 0x8210, 0xA218, 0xA218, 0x8210, 0x8110, 0xA210, 0xA210,
  0x8210, 0xC410, 0x0A19, 0x6F19, 0x2F19, 0x8808, 0x6308, 0xE839, 0x55A5, 0x0000, 0x0000, 0x0000,
  0x0000, 0x0000, 0x0000, 0x0000, 0x0000, 0x0000, 0x0000, 0x0000, 0x0000, 0x0000, 0x0000, 0x0000,
  0x0000, 0x0000, 0x0000, 0x0000, 0x0000, 0x0000, 0x0000, 0x0000, 0x0000, 0x0000, 0x0000, 0x0000,
  0x0000, 0x0000, 0x0000, 0x0000, 0x0000, 0x0000, 0x0000, 0x0000, 0x0000, 0x0000, 0x0000, 0x0000,
  0x0000, 0x0000, 0x0000, 0x0000, 0x0000, 0x0000, 0x23C1, 0x03B9, 0x43B9, 0x23C1, 0x44C1, 0x25C9,
  0xACC2, 0xDFEF, 0x1E63, 0x9F8C, 0x5E42, 0x9F6B, 0x3E7C, 0x9F6B, 0x3F84, 0x1F7C, 0x5E5B, 0xBE4A,
  0xFF52, 0xDF94, 0x5F84, 0xFF52, 0xBF6B, 0xBFEF, 0x75C5, 0x80D1, 0xE2E1, 0xE2D9, 0xE2D9, 0x01E2,
  0x02DA, 0x02E2, 0x02DA, 0x02DA, 0x02DA, 0x02DA, 0x22E2, 0x44E2, 0x87EA, 0xEAE2, 0xC8E2, 0x43E2,
  0x23E2, 0x02DA, 0xE2E1, 0x02E2, 0x02E2, 0x02E2, 0x02E2, 0x22EA, 0x22EA, 0x42EA, 0x42DA, 0x83E2,
  0x62E2, 0x82EA, 0x82EA, 0xA3EA, 0xA3EA, 0xC3EA, 0xC2EA, 0xC2EA, 0xC3EA, 0x03EB, 0x44F3, 0xA5F3,
  0xA5F3, 0x83FB, 0xA4F3, 0x82FB, 0xA3FB, 0x82FB, 0x62FB, 0x83FB, 0x83F3, 0x62EB, 0x42EB, 0x22EB,
  0x23E3, 0xE2E2, 0xA2E2, 0x63DA, 0x64DA, 0xA7D2, 0x2BD3, 0x2CDB, 0x67D2, 0x04CA, 0xE2C9, 0xC2C1,
  0xA3C9, 0x03CA, 0x24CA, 0x47CA, 0x46D2, 0x44D2, 0xE3D1, 0xE3D1, 0x24CA, 0x25CA, 0x04CA, 0xC3C9,
  0xC3C9, 0xA3C9, 0x83C9, 0x82C9, 0xA2C9, 0xA2D1, 0xC2D1, 0xE2D1, 0xE2D9, 0xE2D9, 0x02E2, 0xE2E1,
  0xE2D9, 0xE2D9, 0x02DA, 0xE2D9, 0xE1E1, 0xC2C1, 0x4259, 0x6108, 0x2108, 0x4110, 0x4110, 0x6210,
  0x8210, 0xA510, 0x8408, 0x6308, 0x4108, 0x2108, 0x2108, 0x2108, 0x4108, 0x4108, 0x6108, 0x6210,
  0x0000, 0x4108, 0x5184, 0xFFF7, 0xDFEF, 0xBEEF, 0xDFEF, 0xDFEF, 0xBEEF, 0xDFF7, 0xBEEF, 0xBEEF,
  0xDEEF, 0xBEF7, 0x9DEF, 0xBEEF, 0xDFEF, 0xBEE7, 0x5DD7, 0x5DD7, 0x5DD7, 0xFBD6, 0x0752, 0x0000,
  0x8110, 0x6210, 0x8210, 0xA310, 0x4921, 0x6A21, 0xA310, 0x8110, 0xA210, 0xA110, 0x6108, 0x6300,
  0x0B11, 0xF24A, 0x76A5, 0xDFF7, 0xFFFF, 0x0000, 0x0000, 0x0000, 0x0000, 0x0000, 0x0000, 0x0000,
  0x0000, 0x0000, 0x0000, 0x0000, 0x0000, 0x0000, 0x0000, 0x0000, 0x0000, 0x0000, 0x0000, 0x0000,
  0x0000, 0x0000, 0x0000, 0x0000, 0x0000, 0x0000, 0x0000, 0x0000, 0x0000, 0x0000, 0x0000, 0x0000,
  0x0000, 0x0000, 0x0000, 0x0000, 0x0000, 0x0000, 0x0000, 0x0000, 0x0000, 0x0000, 0x0000, 0x0000,
  0x0000, 0x0000, 0x22C1, 0x03C1, 0x02C1, 0x22C1, 0xA6C9, 0xCED2, 0x75CC, 0x1AC6, 0x97C5, 0x36DE,
  0x76C5, 0x36DE, 0xB6CD, 0xF6D5, 0xD6D5, 0xD6D5, 0xB6D5, 0xB6D5, 0xD6D5, 0xD7D5, 0xD7D5, 0xD7D5,
  0xB7D5, 0x18D6, 0x6EC4, 0x41E2, 0x61EA, 0x61EA, 0x82E2, 0x82E2, 0x42E2, 0x82E2, 0x82E2, 0xA2E2,
  0x62DA, 0x82DA, 0xA2E2, 0xE5E2, 0xEEEB, 0x35ED, 0x55E5, 0xAADB, 0xA2E2, 0xC2EA, 0xC2EA, 0x02F3,
  0x22F3, 0x42F3, 0x42FB, 0x43FB, 0x22EB, 0x22EB, 0x42EB, 0x83EB, 0xC2F3, 0xE2FB, 0x02FC, 0x22FC,
  0x42FC, 0x62FC, 0x62FC, 0x83FC, 0xA4FC, 0xE6FC, 0x29FD, 0x6EF5, 0x6EF5, 0x48F5, 0xE4FC, 0xA2FC,
  0xE2FC, 0xC1FC, 0xC2FC, 0xC2FC, 0xC2FC, 0xC1FC, 0x02FD, 0x22FD, 0xE1FC, 0xA2FC, 0x82FC, 0xA3FC,
  0xA6F4, 0xEBF4, 0x73ED, 0xF6E5, 0x51E5, 0x26EC, 0xC2EB, 0xC2F3, 0xC2F3, 0x03EC, 0x69EC, 0xF0E4,
  0x52DD, 0x4AE4, 0x62E3, 0x42E3, 0x01E3, 0x42F3, 0x22EB, 0x22EB, 0x01EB, 0xE1EA, 0x01F3, 0x22EB,
  0x22EB, 0x41EB, 0x61F3, 0x82EB, 0x62E3, 0x62EB, 0x61EB, 0xC1F3, 0xA2F3, 0xA2F3, 0xC2F3, 0xC5EB,
  0x0BDC, 0xC8E3, 0xA2F3, 0xA2A2, 0xC228, 0x2100, 0x2008, 0x4108, 0x6921, 0xF563, 0xB263, 0x0719,
  0x2008, 0x2108, 0x2008, 0x4108, 0x4108, 0x6108, 0x6108, 0x4108, 0x6110, 0x6108, 0x0000, 0xAA52,
  0x5CD7, 0xFFEF, 0xFFEF, 0xFFF7, 0xFFF7, 0xFFF7, 0xFEEF, 0xDEEF, 0xFEEF, 0xDEEF, 0x9CE7, 0x9DE7,
  0x5CD7, 0x5DDF, 0x9EDF, 0x7DDF, 0x5CD7, 0x7DDF, 0x3BDF, 0x074A, 0x4008, 0x6110, 0x6110, 0xC710,
  0xB74B, 0xDB9D, 0xAE52, 0x6010, 0x4008, 0xC210, 0x4742, 0x0F7C, 0x59BE, 0xFFEF, 0xFFFF, 0xDFF7,
  0xDFF7, 0x0000, 0x0000, 0x0000, 0x0000, 0x0000, 0x0000, 0x0000, 0x0000, 0x0000, 0x0000, 0x0000,
  0x0000, 0x0000, 0x0000, 0x0000, 0x0000, 0x0000, 0x0000, 0x0000, 0x0000, 0x0000, 0x0000, 0x0000,
  0x0000, 0x0000, 0x0000, 0x0000, 0x0000, 0x0000, 0x0000, 0x0000, 0x0000, 0x0000, 0x0000, 0x0000,
  0x0000, 0x0000, 0x0000, 0x0000, 0x0000, 0x0000, 0x0000, 0x0000, 0x0000, 0x0000, 0xA4D1, 0xA4D1,
  0xC3C9, 0x04CA, 0x89D2, 0xB5DC, 0xDCDE, 0xD8D5, 0x8AC3, 0xA6BA, 0xC7C2, 0xC6C2, 0x05CB, 0xC5C2,
  0xC5C2, 0xE5C2, 0xE6C2, 0x05CB, 0x03DB, 0x22EB, 0xE1E2, 0xE2EA, 0xE1E2, 0xC1E2, 0x44E3, 0xE6C2,
  0xC5C2, 0xC4C2, 0xC4C2, 0xE4BA, 0xA5BA, 0xA4BA, 0xC4BA, 0xE5BA, 0xC6E3, 0xA3F3, 0x83EB, 0xC7EB,
  0x12E5, 0xFCEE, 0x5DEF, 0x77EE, 0xC8CB, 0xA4A2, 0x84A2, 0x849A, 0xC5A2, 0xE59A, 0xE69A, 0x45AB,
  0x45EC, 0xA6F4, 0x84EC, 0xE4F4, 0x47CC, 0x249B, 0x249B, 0x249B, 0x449B, 0x4393, 0x4493, 0x4393,
  0x8593, 0x8693, 0x10BD, 0xB9EE, 0xFAF6, 0x30F6, 0x82F5, 0x62FD, 0x42FD, 0x61FD, 0x81FD, 0x61FD,
  0x83FD, 0xC5AB, 0xE17A, 0x0283, 0xE382, 0xA27A, 0xA272, 0xA27A, 0xC47A, 0x077B, 0x34BD, 0x3BE7,
  0x99E6, 0x06ED, 0xA3EC, 0x8372, 0x216A, 0x4272, 0x246A, 0x71A4, 0x1CE7, 0xB0E5, 0x80EC, 0x81F4,
  0xC7EC, 0xC38A, 0x8159, 0xC061, 0x2172, 0x2172, 0x2172, 0x2172, 0x216A, 0x216A, 0x6272, 0x03CC,
  0xE3F4, 0xA2EC, 0x05F5, 0xC48A, 0x0172, 0x216A, 0x016A, 0x4572, 0x98BD, 0x72DD, 0xE169, 0xA169,
  0x4241, 0x2000, 0x0000, 0x0000, 0xA708, 0x187D, 0x3DC7, 0x8D42, 0x0000, 0x2108, 0x0008, 0x2008,
  0x4008, 0x4108, 0x6008, 0x6108, 0x4110, 0x8110, 0x8210, 0x0000, 0xA631, 0x2C5B, 0x8A4A, 0xAB52,
  0x8A52, 0x8A4A, 0x8A4A, 0x694A, 0x694A, 0x6A4A, 0x694A, 0x2842, 0x38B6, 0x7DDF, 0x9384, 0x6A4A,
  0x4942, 0x4942, 0x8A4A, 0xC639, 0x2008, 0x6110, 0x4008, 0x4621, 0x7774, 0x5FC7, 0x3795, 0x0942,
  0x307C, 0x38B6, 0x5CD7, 0xDFEF, 0xFFEF, 0xBEE7, 0x9FEF, 0xBFEF, 0xDFF7, 0x0000, 0x0000, 0x0000,
  0x0000, 0x0000, 0x0000, 0x0000, 0x0000, 0x0000, 0x0000, 0x0000, 0x0000, 0x0000, 0x0000, 0x0000,
  0x0000, 0x0000, 0x0000, 0x0000, 0x0000, 0x0000, 0x0000, 0x0000, 0x0000, 0x0000, 0x0000, 0x0000,
  0x0000, 0x0000, 0x0000, 0x0000, 0x0000, 0x0000, 0x0000, 0x0000, 0x0000, 0x0000, 0x0000, 0x0000,
  0x0000, 0x0000, 0x0000, 0x0000, 0x0000, 0x0000, 0xE7EA, 0x07EB, 0x07E3, 0x47EB, 0xE9E3, 0xB1E4,
  0xBAEE, 0xF594, 0xA731, 0x2529, 0x4529, 0x2529, 0x0529, 0xE420, 0x2429, 0x2521, 0x2421, 0x0421,
  0x0231, 0xA9AB, 0xC9E4, 0x86EC, 0xC5F4, 0xA9E4, 0x075A, 0x8210, 0xA310, 0x8210, 0x6210, 0x8210,
  0x8210, 0x8210, 0x8210, 0x8310, 0x6539, 0xC8AB, 0xC5EC, 0x05F5, 0x6AED, 0x96EE, 0x5CEF, 0xF26B,
  0x0419, 0x2100, 0x2100, 0x0100, 0x0000, 0x0100, 0x0100, 0x8308, 0x8C7B, 0x68E5, 0xC8F5, 0xE6FD,
  0x898B, 0x0000, 0x2100, 0x0100, 0x0000, 0x0000, 0x0000, 0x0000, 0x0000, 0x2100, 0xA510, 0xB463,
  0xDBDE, 0xD2FE, 0xE6F5, 0xA3FD, 0x81FD, 0xA1FD, 0xA1FD, 0xA1FD, 0x04FE, 0x0642, 0x0000, 0x0000,
  0x0000, 0x0100, 0x0000, 0x0000, 0x0000, 0x0000, 0xC710, 0xB16B, 0xD0DD, 0x84F5, 0x86C4, 0x0200,
  0x0000, 0x0000, 0x0000, 0x4300, 0x6C73, 0xAAED, 0xC0EC, 0xE6E4, 0xC739, 0x0000, 0x0000, 0x0000,
  0x0000, 0x2100, 0x0000, 0x0000, 0x2100, 0x2100, 0x0100, 0x4110, 0xE5AB, 0xEAFD, 0x8C83, 0x4500,
  0x0000, 0x0000, 0x0100, 0x0000, 0xC418, 0x925B, 0x4300, 0x0000, 0x0000, 0x2008, 0x0008, 0x2008,
  0x2100, 0x9132, 0xB35B, 0x8410, 0x0000, 0x0108, 0x0008, 0x0008, 0x2108, 0x4108, 0x2008, 0x2008,
  0x2108, 0x2108, 0x2008, 0xC610, 0x8608, 0x0000, 0x0000, 0x0000, 0x0000, 0x0000, 0x0000, 0x0000,
  0x0000, 0x0000, 0x0000, 0x0000, 0x2D5B, 0x4D3A, 0x4500, 0x0000, 0x0000, 0x0000, 0x0000, 0x0000,
  0x4108, 0x2008, 0x6108, 0x6010, 0xA510, 0xED29, 0xA929, 0xAE6B, 0xFFEF, 0x7DDF, 0x1CD7, 0x7EE7,
  0xBFEF, 0xDFEF, 0xDFF7, 0xDFF7, 0xDFF7, 0x0000, 0x0000, 0x0000, 0x0000, 0x0000, 0x0000, 0x0000,
  0x0000, 0x0000, 0x0000, 0x0000, 0x0000, 0x0000, 0x0000, 0x0000, 0x0000, 0x0000, 0x0000, 0x0000,
  0x0000, 0x0000, 0x0000, 0x0000, 0x0000, 0x0000, 0x0000, 0x0000, 0x0000, 0x0000, 0x0000, 0x0000,
  0x0000, 0x0000, 0x0000, 0x0000, 0x0000, 0x0000, 0x0000, 0x0000, 0x0000, 0x0000, 0x0000, 0x0000,
  0x0000, 0x0000, 0xE4E9, 0xE4E9, 0x04EA, 0x84EA, 0xA5EB, 0xA7EC, 0x28ED, 0x0329, 0x0000, 0x4110,
  0x6110, 0x4108, 0x2100, 0x2108, 0x4108, 0x4108, 0x2108, 0x4108, 0x0100, 0xE418, 0x76A5, 0x91C5,
  0xACE5, 0x8983, 0x0100, 0x6110, 0x2108, 0x2108, 0x4108, 0x4110, 0x4110, 0x4210, 0x4110, 0x6108,
  0x0000, 0x8829, 0x95AD, 0x6BCD, 0xE8ED, 0x8AFE, 0x4EBD, 0x6308, 0x2108, 0x6210, 0x4208, 0x4208,
  0x4108, 0x4210, 0x4110, 0x4208, 0x1654, 0x718C, 0x49D5, 0xCBFE, 0xCA8B, 0x0100, 0x6218, 0x6210,
  0x4208, 0x4208, 0x4210, 0x4208, 0x2208, 0x4208, 0x2208, 0x4500, 0x8B29, 0x44C4, 0xC1FC, 0x41F4,
  0xE1FC, 0x81FD, 0xA1FD, 0x60F5, 0x04FE, 0x4752, 0x0100, 0x6210, 0x4210, 0x4210, 0x4208, 0x6308,
  0x4308, 0x4308, 0x6408, 0x2300, 0x82BB, 0x41FD, 0x26B4, 0x2200, 0x4108, 0x2108, 0x2208, 0x0300,
  0xC130, 0x83E4, 0xE2FC, 0x478B, 0x0200, 0x4208, 0x4308, 0x6308, 0x4308, 0x8310, 0x8410, 0x6410,
  0xA510, 0xC518, 0xC510, 0x0400, 0x8762, 0xCFAC, 0xF109, 0xA710, 0x2208, 0x4408, 0x4408, 0x4508,
  0x2400, 0x0F1A, 0xA608, 0x6608, 0x6608, 0x4600, 0x6700, 0x4500, 0x6F2A, 0x8F11, 0x0200, 0x2400,
  0x6600, 0x4600, 0x6700, 0x6700, 0x8808, 0x8800, 0x8800, 0x6800, 0x8800, 0x8800, 0x6700, 0x2C11,
  0xE910, 0x6208, 0x8708, 0x6608, 0x8708, 0x8608, 0x8508, 0x4500, 0x4508, 0x4508, 0x4500, 0x6508,
  0x2C09, 0x3009, 0xA808, 0x4308, 0x4408, 0x4408, 0x4408, 0x4408, 0x4408, 0x2308, 0x4308, 0x4408,
  0x4308, 0x0300, 0x0300, 0x2719, 0x59BE, 0xFBCE, 0xD6AD, 0x3CDF, 0xFFF7, 0xDFEF, 0xDFF7, 0xDFF7,
  0xDFF7, 0x0000, 0x0000, 0x0000, 0x0000, 0x0000, 0x0000, 0x0000, 0x0000, 0x0000, 0x0000, 0x0000,
  0x0000, 0x0000, 0x0000, 0x0000, 0x0000, 0x0000, 0x0000, 0x0000, 0x0000, 0x0000, 0x0000, 0x0000,
  0x0000, 0x0000, 0x0000, 0x0000, 0x0000, 0x0000, 0x0000, 0x0000, 0x0000, 0x0000, 0x0000, 0x0000,
  0x0000, 0x0000, 0x0000, 0x0000, 0x0000, 0x0000, 0x0000, 0x0000, 0x0000, 0x0000, 0x41E9, 0x21E1,
  0x61E9, 0xE1F1, 0xE2EA, 0x82F3, 0x41E3, 0x8220, 0x4300, 0x6410, 0x6508, 0x6408, 0x4408, 0x2300,
  0x4400, 0x6408, 0x8508, 0xA508, 0xA610, 0x6508, 0x7474, 0xFECE, 0xDAD6, 0x6A42, 0x4508, 0xC710,
  0xA710, 0xA708, 0xA808, 0xA808, 0xA808, 0xA908, 0xA908, 0x8908, 0xA908, 0x0A11, 0x9A8D, 0x9BC6,
  0xF2C5, 0x8DEE, 0x0B94, 0x4800, 0xCA10, 0xA908, 0xCA08, 0xCA08, 0xAA08, 0xAA08, 0xCB08, 0x8908,
  0x533B, 0xFC95, 0xF394, 0x8CCD, 0x2C94, 0x8900, 0x2C11, 0xEC08, 0x0C09, 0x2D11, 0x0C11, 0x2D11,
  0x2D11, 0x0C11, 0x2D11, 0x6E19, 0x0C11, 0x4831, 0x81C1, 0xC1E9, 0xA1EA, 0xC1F3, 0xC1F4, 0x40EB,
  0x23F3, 0x6B52, 0x2D11, 0x8E19, 0x8E19, 0x8E19, 0x8E19, 0x6E11, 0x6D11, 0x6E11, 0x8F19, 0x2919,
  0x4099, 0x41E2, 0x46A3, 0xE808, 0x2C11, 0x0B09, 0x2C11, 0x8F11, 0x0539, 0x80C9, 0xE3C1, 0xC841,
  0x6D09, 0x6E11, 0x8F11, 0xAF19, 0xAF19, 0xD021, 0x1022, 0x3122, 0x3122, 0x512A, 0x312A, 0xF119,
  0x494A, 0x533B, 0x3312, 0x4B11, 0x101A, 0x111A, 0x311A, 0x3322, 0x3022, 0xCE11, 0x6C11, 0x9422,
  0x741A, 0x9422, 0x7522, 0x511A, 0x7122, 0x0A11, 0xC610, 0x5412, 0x541A, 0x741A, 0xB422, 0xD52A,
  0x162B, 0xF62A, 0xD62A, 0xD62A, 0xD62A, 0xD622, 0x731A, 0x8E11, 0xA708, 0xC708, 0xB522, 0x9422,
  0x7322, 0x7322, 0x7322, 0x5322, 0x7322, 0x7322, 0x7322, 0x3122, 0xCF11, 0x7011, 0x8608, 0x0A11,
  0xB111, 0x9011, 0x7009, 0x9111, 0xB111, 0x9111, 0x7009, 0x9011, 0x9011, 0x9111, 0x9111, 0x8E11,
  0x38B6, 0xFFF7, 0xDFEF, 0xDFEF, 0xDFEF, 0xDFF7, 0xDFF7, 0xDFF7, 0xDFF7, 0x0000, 0x0000, 0x0000,
  0x0000, 0x0000, 0x0000, 0x0000, 0x0000, 0x0000, 0x0000, 0x0000, 0x0000, 0x0000, 0x0000, 0x0000,
  0x0000, 0x0000, 0x0000, 0x0000, 0x0000, 0x0000, 0x0000, 0x0000, 0x0000, 0x0000, 0x0000, 0x0000,
  0x0000, 0x0000, 0x0000, 0x0000, 0x0000, 0x0000, 0x0000, 0x0000, 0x0000, 0x0000, 0x0000, 0x0000,
  0x0000, 0x0000, 0x0000, 0x0000, 0x0000, 0x0000, 0xE1F1, 0xC1F1, 0xA1E9, 0x01F2, 0x21EA, 0xA1E9,
  0x01D9, 0xA728, 0x4E09, 0x6F11, 0x6F19, 0x4F11, 0x7011, 0xB119, 0x8F11, 0x7011, 0x9019, 0xB021,
  0xF129, 0xD021, 0xD44B, 0x5CAE, 0x5EDF, 0x715B, 0x322A, 0xB332, 0xB43A, 0xD43A, 0x153B, 0x774B,
  0x153B, 0x153B, 0x153B, 0xF53A, 0x1543, 0x7032, 0x7754, 0x7CB6, 0x1DCF, 0xB9CE, 0xAE6B, 0xD33A,
  0x754B, 0x754B, 0x954B, 0xB653, 0xD65B, 0xD653, 0x175C, 0x7453, 0xB222, 0xF964, 0x9CB6, 0xD7B5,
  0xEA62, 0x3343, 0x595C, 0x175C, 0xF753, 0x5864, 0xFA74, 0x786C, 0x576C, 0x776C, 0x776C, 0xD974,
  0xB263, 0x0F12, 0xE871, 0x60EA, 0x61EA, 0xA1EA, 0x62F3, 0x61F3, 0x03EB, 0x4E73, 0xB77C, 0xB77C,
  0xB77C, 0x9774, 0x9774, 0xB874, 0xB774, 0x9674, 0xB77C, 0x2F5B, 0x4088, 0x41D9, 0x6692, 0xEE42,
  0x576C, 0x1664, 0x566C, 0x976C, 0x8862, 0xE0D9, 0x2591, 0xCF3A, 0x3564, 0x7764, 0x7764, 0xB76C,
  0x976C, 0x187D, 0x1985, 0xF87C, 0x1885, 0x398D, 0x3985, 0x3885, 0x905B, 0xF743, 0xF211, 0x8E3A,
  0x9A8D, 0x5A8D, 0x7A8D, 0xBA8D, 0xF67C, 0x8D09, 0xEF4A, 0x1C9E, 0xBA95, 0xDA9D, 0xDB9D, 0x588D,
  0x6F2A, 0x8600, 0xA731, 0xBA8D, 0x9A8D, 0xDA95, 0xFB95, 0xFB9D, 0x1C9E, 0x1B9E, 0x1B9E, 0x3C9E,
  0x3C9E, 0xFB95, 0x5885, 0xEE21, 0x6700, 0xE931, 0x1C9E, 0xDB95, 0x1B9E, 0xDB95, 0xBB95, 0x9A8D,
  0x5885, 0x3985, 0x197D, 0x5474, 0xAE11, 0x9111, 0x8608, 0xCF3A, 0xDB5C, 0x5854, 0x795C, 0x5954,
  0x5954, 0x1754, 0x795C, 0x7954, 0x795C, 0x795C, 0x7A5C, 0xD54B, 0x58BE, 0xFFF7, 0xDFEF, 0xDFF7,
  0xDFF7, 0xDFF7, 0xDFF7, 0xDFF7, 0xDFF7, 0x0000, 0x0000, 0x0000, 0x0000, 0x0000, 0x0000, 0x0000,
  0x0000, 0x0000, 0x0000, 0x0000, 0x0000, 0x0000, 0x0000, 0x0000, 0x0000, 0x0000, 0x0000, 0x0000,
  0x0000, 0x0000, 0x0000, 0x0000, 0x0000, 0x0000, 0x0000, 0x0000, 0x0000, 0x0000, 0x0000, 0x0000,
  0x0000, 0x0000, 0x0000, 0x0000, 0x0000, 0x0000, 0x0000, 0x0000, 0x0000, 0x0000, 0x0000, 0x0000,
  0x0000, 0x0000, 0x81FA, 0x61F2, 0x41F2, 0x41F2, 0x81F2, 0x82F2, 0xE0D9, 0x2B52, 0x3964, 0x1864,
  0x5864, 0x7A6C, 0xB453, 0x6921, 0xD65B, 0x996C, 0x986C, 0xB97C, 0xFA84, 0x5674, 0x743B, 0xDC8D,
  0xDCC6, 0x9384, 0xBB9D, 0xDBA5, 0xBA9D, 0xFCA5, 0x388D, 0xEE52, 0x7995, 0x1BAE, 0xFBAD, 0xFBA5,
  0x5DB6, 0x146C, 0x962B, 0x9B85, 0xBCBE, 0x7EDF, 0x7284, 0xFAAD, 0x5BB6, 0x5BB6, 0x9CBE, 0x7CBE,
  0x7BBE, 0x7BBE, 0x9CBE, 0x5AB6, 0xB22A, 0x1A3C, 0x9A85, 0x5FD7, 0x7184, 0x3695, 0xDDBE, 0x5BB6,
  0x7CBE, 0x19AE, 0x4E5B, 0x19B6, 0xBCC6, 0x9BC6, 0x9BC6, 0xFDCE, 0xF494, 0x8E11, 0x533B, 0x62A1,
  0x21D9, 0xA1D9, 0x01F3, 0x21F4, 0x43F4, 0x2F94, 0xBBCE, 0x9AC6, 0x9AC6, 0xDCCE, 0x359D, 0x2942,
  0x4A42, 0x8D4A, 0x3153, 0xCC52, 0x81B9, 0x42F3, 0x288B, 0x3174, 0x9AC6, 0x1AB6, 0x39BE, 0x9BBE,
  0x097B, 0x40C9, 0x2A6A, 0x313B, 0xF8AD, 0x3BB6, 0x5AB6, 0x5AB6, 0xBCC6, 0x6E63, 0xAD52, 0x9BBE,
  0x9BBE, 0xBBC6, 0xBBC6, 0x9BC6, 0x326C, 0xD743, 0x1312, 0xEF4A, 0xFCCE, 0xDCC6, 0xDCC6, 0x1CCF,
  0x18AE, 0x6C09, 0x6E63, 0x7EDF, 0xFCCE, 0x1CCF, 0x1DCF, 0x9ABE, 0x0E2A, 0x6508, 0x6921, 0x4D3A,
  0xE939, 0xE839, 0x39B6, 0x3DD7, 0x3DD7, 0x1DCF, 0x3DD7, 0x2D63, 0x8729, 0xEA31, 0x0B32, 0xAE19,
  0x6700, 0x4942, 0x5ED7, 0x1DCF, 0x1DCF, 0x3ECF, 0x5ABE, 0x4729, 0x4919, 0x8B21, 0xEE29, 0xB132,
  0xD111, 0x7011, 0x4600, 0xB063, 0xBDB6, 0x5BAE, 0x5CAE, 0xBDBE, 0xD784, 0x0811, 0x7374, 0xDEB6,
  0x7DB6, 0x9DB6, 0xDEBE, 0xB89D, 0x79BE, 0xFFF7, 0xBFEF, 0xDFF7, 0xDFEF, 0xDFF7, 0xDFF7, 0xDFF7,
  0xDFF7, 0x0000, 0x0000, 0x0000, 0x0000, 0x0000, 0x0000, 0x0000, 0x0000, 0x0000, 0x0000, 0x0000,
  0x0000, 0x0000, 0x0000, 0x0000, 0x0000, 0x0000, 0x0000, 0x0000, 0x0000, 0x0000, 0x0000, 0x0000,
  0x0000, 0x0000, 0x0000, 0x0000, 0x0000, 0x0000, 0x0000, 0x0000, 0x0000, 0x0000, 0x0000, 0x0000,
  0x0000, 0x0000, 0x0000, 0x0000, 0x0000, 0x0000, 0x0000, 0x0000, 0x0000, 0x0000, 0x61F2, 0x21F2,
  0x81E1, 0x61E1, 0x61F2, 0xA2F2, 0xE0D9, 0x2C7B, 0x7DB6, 0x1BAE, 0x1BAE, 0x7DB6, 0x148D, 0x2300,
  0xF36B, 0xDDC6, 0x7CBE, 0x7CB6, 0x9DBE, 0x989D, 0x132B, 0x5C65, 0x5CAE, 0xF494, 0xFDD6, 0xFDCE,
  0xBCC6, 0x5FDF, 0xCF73, 0x0200, 0xB58C, 0x5EDF, 0xDCCE, 0xDCCE, 0x3ED7, 0x757C, 0xD61A, 0xFB5C,
  0x3CA6, 0xDCC6, 0x928C, 0x1DD7, 0xFCCE, 0x3DD7, 0x79BE, 0xFCD6, 0x3EDF, 0x1CD7, 0x1DCF, 0x3CD7,
  0xF13A, 0x992B, 0x1A6D, 0xBDB6, 0xB38C, 0xB7AD, 0x5ED7, 0xFCCE, 0x3DD7, 0xF7B5, 0x8508, 0xF594,
  0x5EDF, 0x1DD7, 0x1DDF, 0x7EE7, 0x35A5, 0x2C09, 0x5723, 0x6C5A, 0x01C1, 0xE2E1, 0xC1EA, 0x61F3,
  0xE3EB, 0x4F9C, 0x3CE7, 0x3CDF, 0x1CD7, 0x9EDF, 0xF394, 0x0000, 0x8608, 0x6E19, 0xD522, 0x5184,
  0x41EC, 0x42F5, 0x897B, 0x737C, 0x5CD7, 0xBBC6, 0xBBCE, 0x5DD7, 0x698B, 0x63A9, 0xB042, 0xF03A,
  0x9AC6, 0xFCCE, 0xFCCE, 0xFCCE, 0x3CDF, 0x0A3A, 0x4A11, 0xBAC6, 0x3DD7, 0x3DD7, 0x1CCF, 0xFCCE,
  0x126C, 0xB73B, 0xF311, 0x0F53, 0x5DD7, 0x1DCF, 0x3DD7, 0x7EDF, 0x7ABE, 0x6B11, 0x4E63, 0xBFE7,
  0x1DD7, 0x5DD7, 0x7ED7, 0xDBC6, 0xF042, 0x1333, 0x731A, 0x2C11, 0x4400, 0x2100, 0x19B6, 0x7EDF,
  0x5DDF, 0x5ED7, 0x9FDF, 0xC731, 0x4400, 0x5122, 0x941A, 0xF219, 0x4600, 0x4A42, 0x7FDF, 0x5ED7,
  0x5DD7, 0x9FDF, 0x5AC6, 0x2E32, 0x953B, 0x352B, 0xF812, 0xB812, 0x1412, 0x4F11, 0x4700, 0x3174,
  0x9FDF, 0x3ED7, 0x1DD7, 0x7EDF, 0x379D, 0x4900, 0xED5A, 0xDFE7, 0x3DD7, 0x3DCF, 0x9FDF, 0x59BE,
  0x99C6, 0xFFF7, 0xBFEF, 0xDFF7, 0xDFF7, 0xDFF7, 0xDFF7, 0xDFF7, 0xDFF7, 0x0000, 0x0000, 0x0000,
  0x0000, 0x0000, 0x0000, 0x0000, 0x0000, 0x0000, 0x0000, 0x0000, 0x0000, 0x0000, 0x0000, 0x0000,
  0x0000, 0x0000, 0x0000, 0x0000, 0x0000, 0x0000, 0x0000, 0x0000, 0x0000, 0x0000, 0x0000, 0x0000,
  0x0000, 0x0000, 0x0000, 0x0000, 0x0000, 0x0000, 0x0000, 0x0000, 0x0000, 0x0000, 0x0000, 0x0000,
  0x0000, 0x0000, 0x0000, 0x0000, 0x0000, 0x0000, 0x01F2, 0x41E1, 0x61C8, 0x21C8, 0xA1D8, 0x41E1,
  0x60C0, 0x2D83, 0x1ECF, 0x9CC6, 0xBDC6, 0x1ECF, 0x96A5, 0xA800, 0x5574, 0x3ED7, 0xDDC6, 0xDDCE,
  0x1DD7, 0xF8B5, 0xB322, 0xBB4C, 0xDA95, 0x1495, 0x5EDF, 0x3DD7, 0x1ED7, 0xBFE7, 0xCF6B, 0x2C11,
  0x369D, 0x7EE7, 0x1DD7, 0xFDCE, 0x7EDF, 0x957C, 0x5412, 0x5A44, 0xDC8D, 0x5AAE, 0xD38C, 0x7EDF,
  0x1DD7, 0xBFE7, 0x707C, 0xD7AD, 0xBFE7, 0x5DD7, 0x5DD7, 0x7EDF, 0x7253, 0xF722, 0xB95C, 0x5C9E,
  0x7284, 0xF8B5, 0x9EE7, 0x3DD7, 0x7EDF, 0x17B6, 0xCC29, 0x5795, 0x5DDF, 0x5DDF, 0x3DDF, 0x9EE7,
  0x75A5, 0xEB08, 0x9522, 0xF64B, 0xA692, 0x23EB, 0xA3EB, 0x22F4, 0x83EC, 0x6F94, 0x7CE7, 0x5CDF,
  0x3CDF, 0x9EE7, 0x149D, 0x4300, 0xAF21, 0xB432, 0x5954, 0xB1AD, 0xA1ED, 0x23FE, 0xCB7B, 0x9284,
  0x7DDF, 0x1BCF, 0x1CD7, 0x5DD7, 0x6B9C, 0x889B, 0x1433, 0xAF3A, 0xFBD6, 0x3DD7, 0x3CD7, 0x5DD7,
  0x3CD7, 0x7153, 0x702A, 0x79C6, 0x5DD7, 0x3DD7, 0x3CD7, 0x3DD7, 0x326C, 0xB73B, 0xD211, 0x0F4B,
  0x7DD7, 0x3DD7, 0x5DDF, 0x9EDF, 0x9AC6, 0x0709, 0xCB5A, 0xDFE7, 0x5DD7, 0x7EDF, 0x9EDF, 0xBBC6,
  0xB57C, 0xDB64, 0x162B, 0x321A, 0x2C09, 0x8410, 0x59BE, 0x9EDF, 0x7EDF, 0x7EDF, 0x7EDF, 0xF06B,
  0xD964, 0x3A34, 0xD61A, 0xD111, 0x2500, 0x6942, 0x9FDF, 0x7EDF, 0x9EDF, 0xBFE7, 0xDCCE, 0xB484,
  0xDC85, 0x5B3C, 0x5A1B, 0xD81A, 0x1412, 0x2E11, 0x4700, 0x3174, 0xBFDF, 0x5ED7, 0x5ED7, 0xBFDF,
  0x98A5, 0x8A00, 0x2D5B, 0xDFE7, 0x5ED7, 0x7EDF, 0xDFE7, 0x79BE, 0x99C6, 0xFFF7, 0xBFEF, 0xDFF7,
  0xDFF7, 0xDFF7, 0xDFF7, 0xDFF7, 0xDFF7, 0x0000, 0x0000, 0x0000, 0x0000, 0x0000, 0x0000, 0x0000,
  0x0000, 0x0000, 0x0000, 0x0000, 0x0000, 0x0000, 0x0000, 0x0000, 0x0000, 0x0000, 0x0000, 0x0000,
  0x0000, 0x0000, 0x0000, 0x0000, 0x0000, 0x0000, 0x0000, 0x0000, 0x0000, 0x0000, 0x0000, 0x0000,
  0x0000, 0x0000, 0x0000, 0x0000, 0x0000, 0x0000, 0x0000, 0x0000, 0x0000, 0x0000, 0x0000, 0x0000,
  0x0000, 0x0000, 0x62E9, 0x81D0, 0x40B8, 0x41B8, 0x21B0, 0x41B0, 0x0098, 0xED7A, 0x1ECF, 0x9CC6,
  0xDDC6, 0x1ECF, 0x96A5, 0xEB08, 0x5574, 0xFDCE, 0xBCBE, 0xDDC6, 0x1ECF, 0xB8AD, 0x3122, 0x1B44,
  0x5A85, 0xD38C, 0x3ED7, 0x3DD7, 0x1DD7, 0xBFE7, 0xB06B, 0xEF21, 0x769D, 0x5EDF, 0x1DCF, 0xFDCE,
  0x5ED7, 0x547C, 0xF209, 0xDA3B, 0x7C7D, 0x9895, 0xF394, 0x9FE7, 0x1DD7, 0xBEE7, 0x8E6B, 0x1595,
  0xBFE7, 0x3DD7, 0x3DD7, 0x9EDF, 0xD363, 0x5512, 0x594C, 0xFC8D, 0x317C, 0xF8AD, 0x9EDF, 0x3CD7,
  0x9EDF, 0xF7AD, 0xCD29, 0x3695, 0x5DDF, 0x3DD7, 0x1CD7, 0x7EDF, 0x55A5, 0xAA08, 0x131A, 0xD843,
  0x7284, 0x44C4, 0x65F5, 0x64F5, 0x65ED, 0x8F94, 0x5CDF, 0x5CDF, 0x3CDF, 0x7EE7, 0x349D, 0xC808,
  0x3422, 0xB63B, 0x196D, 0xD2BD, 0xE1F5, 0x64FE, 0xAC6B, 0x7274, 0x1DB7, 0xBBA6, 0xDCBE, 0x3DD7,
  0xEEA4, 0x4E7C, 0x563B, 0x4E3A, 0xFBCE, 0x3CD7, 0x5DD7, 0x5DD7, 0x3CDF, 0xB253, 0xD132, 0xFAD6,
  0xDFE7, 0x9EE7, 0x9EE7, 0x9EE7, 0x116C, 0xB73B, 0xF211, 0xEF4A, 0x3DD7, 0x3DD7, 0x5DD7, 0x7EDF,
  0x9AC6, 0x6721, 0x8F6B, 0xBFE7, 0x3DD7, 0x7EDF, 0x9EDF, 0xBAC6, 0x158D, 0x9B7D, 0xF933, 0xD71A,
  0x7011, 0x8508, 0x38B6, 0x7ED7, 0x5DD7, 0x7ED7, 0x1DCF, 0xD484, 0x3B6D, 0x7823, 0x9512, 0xB111,
  0x2500, 0x4A42, 0x9FDF, 0x5DD7, 0x7EDF, 0x9FE7, 0xFCCE, 0x727C, 0x976C, 0x753B, 0xD522, 0x731A,
  0xF211, 0x0D11, 0x0500, 0xF173, 0xBFE7, 0x3DD7, 0x3DD7, 0xBFE7, 0xB9A5, 0x8A00, 0x2D5B, 0xDFE7,
  0x5ED7, 0x7EDF, 0xBFE7, 0x38B6, 0x99C6, 0xFFF7, 0xBFEF, 0xDFEF, 0xDFF7, 0xDFF7, 0xBFEF, 0xDFEF,
  0xBFF7, 0x0000, 0x0000, 0x0000, 0x0000, 0x0000, 0x0000, 0x0000, 0x0000, 0x0000, 0x0000, 0x0000,
  0x0000, 0x0000, 0x0000, 0x0000, 0x0000, 0x0000, 0x0000, 0x0000, 0x0000, 0x0000, 0x0000, 0x0000,
  0x0000, 0x0000, 0x0000, 0x0000, 0x0000, 0x0000, 0x0000, 0x0000, 0x0000, 0x0000, 0x0000, 0x0000,
  0x0000, 0x0000, 0x0000, 0x0000, 0x0000, 0x0000, 0x0000, 0x0000, 0x0000, 0x0000, 0xA1D8, 0x41C0,
  0x21B0, 0x01B0, 0x21A8, 0x21A8, 0x0098, 0xAC6A, 0x9DAE, 0x5CAE, 0x7DAE, 0xBEB6, 0x368D, 0x6A00,
  0xD463, 0xBDB6, 0x3CA6, 0x5CA6, 0x7DB6, 0x368D, 0x6E11, 0x382B, 0xD96C, 0x737C, 0x1ECF, 0x1DCF,
  0xFDCE, 0x7FDF, 0x9063, 0x102A, 0xF58C, 0xFEC6, 0xBCBE, 0xBDB6, 0xDEB6, 0xF363, 0x7009, 0x982B,
  0x1B65, 0xF67C, 0x569D, 0x7ED7, 0xDCC6, 0x5DD7, 0xEC52, 0x7484, 0x5FCF, 0xFDC6, 0xFCC6, 0x3ECF,
  0x1374, 0xD209, 0xD83B, 0x9C85, 0xF16B, 0x97A5, 0x5ED7, 0xDCC6, 0x3ECF, 0xD7A5, 0x0E2A, 0xF684,
  0xFDC6, 0xFCC6, 0xFCC6, 0x1ECF, 0x1495, 0x8808, 0xD219, 0x3633, 0x5985, 0xACA4, 0xC8E5, 0x29FE,
  0x09F6, 0x708C, 0x3CD7, 0x3CD7, 0x3CD7, 0x5EDF, 0x559D, 0x502A, 0x1723, 0xB85C, 0xBA8D, 0x33C6,
  0x44EE, 0xA8F6, 0x4D5B, 0x5374, 0x1DA7, 0x7C96, 0xBCAE, 0x3DCF, 0x2E84, 0x126C, 0x563B, 0x0D32,
  0xDBC6, 0x1DD7, 0x3DD7, 0x1DCF, 0xFBD6, 0xB353, 0x502A, 0x4E5B, 0xD16B, 0xD16B, 0xD26B, 0x337C,
  0xF163, 0xB83B, 0xD209, 0xCF4A, 0x1DCF, 0xFDC6, 0x1DCF, 0x1DCF, 0x1DCF, 0xFCC6, 0x3DCF, 0x3DCF,
  0x3DD7, 0x5ED7, 0x5ED7, 0xBBC6, 0x368D, 0x9C85, 0xB82B, 0x9612, 0x7011, 0x8608, 0xD7A5, 0x3ECF,
  0x1DC7, 0x1DC7, 0xFDC6, 0x937C, 0xFB64, 0x782B, 0x7612, 0x9011, 0x0400, 0x2A42, 0x5ECF, 0x3DCF,
  0x7ED7, 0x7ED7, 0x5ED7, 0x9BBE, 0x5AB6, 0x3AB6, 0x7BB6, 0xB7A5, 0xCE19, 0x0E09, 0x0400, 0xF16B,
  0xBFDF, 0x3DD7, 0x5ED7, 0xBFE7, 0xB8A5, 0x2700, 0x527C, 0xBFDF, 0x3ED7, 0x5ED7, 0x9FDF, 0x39B6,
  0x9AC6, 0xFFF7, 0xBFEF, 0xDFEF, 0xDFEF, 0xBFEF, 0xBFEF, 0xDFEF, 0xBFF7, 0x0000, 0x0000, 0x0000,
  0x0000, 0x0000, 0x0000, 0x0000, 0x0000, 0x0000, 0x0000, 0x0000, 0x0000, 0x0000, 0x0000, 0x0000,
  0x0000, 0x0000, 0x0000, 0x0000, 0x0000, 0x0000, 0x0000, 0x0000, 0x0000, 0x0000, 0x0000, 0x0000,
  0x0000, 0x0000, 0x0000, 0x0000, 0x0000, 0x0000, 0x0000, 0x0000, 0x0000, 0x0000, 0x0000, 0x0000,
  0x0000, 0x0000, 0x0000, 0x0000, 0x0000, 0x0000, 0x61C8, 0x41B8, 0x41B0, 0x21B0, 0x21A8, 0x41A8,
  0x00A0, 0x4B5A, 0xBC7D, 0x7B7D, 0x7C7D, 0xBC85, 0xF874, 0x4E2A, 0x7664, 0xBC7D, 0x5C75, 0x3B6D,
  0x7C75, 0xB24B, 0x0C11, 0x9722, 0x184C, 0x1264, 0x7DA6, 0x5CA6, 0x3CA6, 0x9DB6, 0x5053, 0x923A,
  0x5474, 0xFC95, 0xDB8D, 0xBB85, 0xDC85, 0x724B, 0x4F09, 0x1723, 0xBB54, 0x546C, 0x1685, 0x9DAE,
  0x3BA6, 0x5CA6, 0x2A32, 0xD363, 0x7CA6, 0x3BA6, 0x3B9E, 0x5C9E, 0x1364, 0x7009, 0x1723, 0x3B6D,
  0xD163, 0x168D, 0x9DAE, 0x3BA6, 0x7CAE, 0x3685, 0x2F22, 0x756C, 0x3B9E, 0x1B9E, 0x1B9E, 0x7CA6,
  0x9374, 0x6700, 0x7011, 0xF52A, 0xD964, 0xB7AD, 0xEAB4, 0xAEF6, 0x6EEE, 0x508C, 0x9CBE, 0xBCBE,
  0xDBBE, 0xFCBE, 0x5695, 0xCD4A, 0x0F43, 0x6F53, 0xF16B, 0x8C73, 0xEAD5, 0xCEF6, 0x2E4B, 0x326C,
  0xBCA6, 0x3A9E, 0x5BA6, 0x7BAE, 0xCF6B, 0xB67C, 0xD432, 0xAB21, 0x39A6, 0x7BBE, 0xBCBE, 0x9BBE,
  0xBBC6, 0x4F53, 0x8D3A, 0x8D3A, 0x6D3A, 0xAE3A, 0x8E3A, 0x0F4B, 0xD15B, 0xB83B, 0xF209, 0x6E32,
  0x3CA6, 0x1B9E, 0x3CA6, 0x3BA6, 0x5BA6, 0x7CAE, 0x9CB6, 0x9CB6, 0xBCBE, 0xBCBE, 0xDDBE, 0x1AA6,
  0xD484, 0x9C85, 0xB833, 0x7512, 0x7109, 0x8708, 0x1685, 0x5DA6, 0x3C9E, 0x3C9E, 0x1B9E, 0x136C,
  0xFA64, 0x7823, 0x7512, 0x6F11, 0x0400, 0xE931, 0xBDB6, 0x9CAE, 0xDDB6, 0xDDBE, 0xDDBE, 0xFEBE,
  0xFEBE, 0xBDB6, 0xDEB6, 0xD99D, 0xAF19, 0x2E09, 0x0400, 0x905B, 0x1EC7, 0xFDC6, 0x1DCF, 0x5ED7,
  0xBCBE, 0x979D, 0x1DC7, 0x1ECF, 0x1ECF, 0xFDC6, 0x7FCF, 0xF48C, 0x9AC6, 0xFFF7, 0xBFEF, 0xDFEF,
  0xDFEF, 0xBFEF, 0xDFEF, 0xBFEF, 0xBFF7, 0x0000, 0x0000, 0x0000, 0x0000, 0x0000, 0x0000, 0x0000,
  0x0000, 0x0000, 0x0000, 0x0000, 0x0000, 0x0000, 0x0000, 0x0000, 0x0000, 0x0000, 0x0000, 0x0000,
  0x0000, 0x0000, 0x0000, 0x0000, 0x0000, 0x0000, 0x0000, 0x0000, 0x0000, 0x0000, 0x0000, 0x0000,
  0x0000, 0x0000, 0x0000, 0x0000, 0x0000, 0x0000, 0x0000, 0x0000, 0x0000, 0x0000, 0x0000, 0x0000,
  0x0000, 0x0000, 0xC1C8, 0xA1C0, 0x61B0, 0x41A8, 0x41A0, 0x6190, 0x0080, 0xEB39, 0x9A4C, 0x7A54,
  0x9B4C, 0x9B4C, 0xBB4C, 0xDB54, 0x9B4C, 0x5A44, 0x5A44, 0xFA3B, 0x9733, 0x8A11, 0x0D09, 0x351A,
  0x9743, 0x5143, 0x1C65, 0xFA64, 0xFA5C, 0x1C5D, 0xB02A, 0xB342, 0xB34B, 0xBA54, 0xBA54, 0x9A54,
  0x9C4C, 0xD22A, 0x0E09, 0xB622, 0x5A44, 0xB353, 0x364C, 0x1B65, 0x1A65, 0xD864, 0x0C2A, 0x734B,
  0x3A6D, 0x1A65, 0xFA5C, 0xDB4C, 0x733B, 0x0E09, 0x751A, 0xBA5C, 0x905B, 0x1454, 0x7B75, 0x1A75,
  0x5B75, 0x555C, 0x0F22, 0x145C, 0x5A75, 0x3A75, 0x5A75, 0x9B7D, 0x125C, 0x6608, 0x2E11, 0x9422,
  0x584C, 0xFB9D, 0x73AD, 0x6EC5, 0xB3F6, 0xF073, 0xBA8D, 0xBA8D, 0xBA8D, 0x9A85, 0x9A85, 0x7985,
  0x5985, 0x397D, 0x5975, 0xB253, 0x6DC5, 0x92E6, 0x2F43, 0x504B, 0xBA85, 0x5975, 0x196D, 0x1A65,
  0xF263, 0xB774, 0x5122, 0x2A11, 0xD864, 0x5A7D, 0x5A7D, 0x3A7D, 0x5A7D, 0x6C32, 0x9574, 0xDB8D,
  0x7A85, 0x7A85, 0x7A85, 0x1A6D, 0x3043, 0x973B, 0xF211, 0xEE21, 0x7A4C, 0x794C, 0xBA54, 0xDA5C,
  0xDA5C, 0xDA5C, 0xFB64, 0xFB64, 0x1B65, 0x1B6D, 0x3B6D, 0x985C, 0x9474, 0x9B85, 0xB833, 0x7512,
  0x5009, 0x6608, 0xD44B, 0xDB5C, 0x9A4C, 0x9A4C, 0x3A44, 0x924B, 0xFA6C, 0x7823, 0x7512, 0x4E09,
  0x0400, 0x8821, 0x5C6D, 0x5B75, 0xBC7D, 0x9B7D, 0x7C75, 0x7B75, 0x7B75, 0x3B6D, 0x1B65, 0x5754,
  0x8E11, 0x0E09, 0x2400, 0xAF32, 0xDD7D, 0xFB95, 0x3CA6, 0x7DAE, 0x9DAE, 0xDEB6, 0x5D9E, 0x1C96,
  0x1C96, 0x1D8E, 0xB66C, 0x1074, 0x9EEF, 0xBFE7, 0xBFEF, 0xDFEF, 0xDFEF, 0xBFEF, 0xDFF7, 0xBFEF,
  0xBEEF, 0x0000, 0x0000, 0x0000, 0x0000, 0x0000, 0x0000, 0x0000, 0x0000, 0x0000, 0x0000, 0x0000,
  0x0000, 0x0000, 0x0000, 0x0000, 0x0000, 0x0000, 0x0000, 0x0000, 0x0000, 0x0000, 0x0000, 0x0000,
  0x0000, 0x0000, 0x0000, 0x0000, 0x0000, 0x0000, 0x0000, 0x0000, 0x0000, 0x0000, 0x0000, 0x0000,
  0x0000, 0x0000, 0x0000, 0x0000, 0x0000, 0x0000, 0x0000, 0x0000, 0x0000, 0x0000, 0x82E9, 0x41E1,
  0x01D1, 0xC1C8, 0xA1C0, 0x81B0, 0x4098, 0x8A31, 0x7923, 0x992B, 0xDA2B, 0x7923, 0x9A23, 0x9923,
  0x9A2B, 0x9A23, 0x7923, 0xF51A, 0xE708, 0x4400, 0xED08, 0xD311, 0x3633, 0x912A, 0xDA33, 0xB92B,
  0x9A23, 0xBB23, 0xF011, 0xD23A, 0xF132, 0x7923, 0x992B, 0x5823, 0x7923, 0x3012, 0xCC08, 0x541A,
  0xF93B, 0xF13A, 0x5623, 0xD92B, 0xFA33, 0x9533, 0xAB21, 0x333B, 0x183C, 0x193C, 0xD833, 0xB933,
  0xD322, 0xEC08, 0x1412, 0x3944, 0x5053, 0x122B, 0x7A44, 0x5944, 0x9A4C, 0x943B, 0x2F22, 0xB343,
  0x5944, 0x594C, 0x3844, 0x7A44, 0x3133, 0x2400, 0xEC08, 0x1312, 0xD83B, 0x7985, 0xBBC6, 0x11AD,
  0x54E6, 0xD063, 0x794C, 0x9954, 0x794C, 0x3844, 0x383C, 0x393C, 0x3844, 0x3844, 0x393C, 0x1133,
  0x6FC5, 0x33D6, 0x3043, 0x8F22, 0x7A4C, 0x1744, 0xF73B, 0xF83B, 0x7143, 0x766C, 0xCF19, 0xC708,
  0x562B, 0xB833, 0xD733, 0xD833, 0xD733, 0x8A19, 0x5433, 0xF93B, 0xD83B, 0xD83B, 0xB833, 0x7823,
  0xD032, 0xD83B, 0x1312, 0xAD11, 0x5823, 0x5823, 0x7823, 0x9823, 0x9923, 0xBA23, 0xDA2B, 0x7923,
  0x7923, 0x9923, 0xBA2B, 0x371B, 0x756C, 0xBC85, 0xB833, 0x9612, 0x7011, 0x8608, 0x142B, 0xDA2B,
  0xB923, 0xBA2B, 0x3913, 0x3243, 0x3B75, 0x782B, 0x5412, 0x6F09, 0x4400, 0x4811, 0x1B3C, 0x5A3C,
  0x7A44, 0x5A44, 0x1A34, 0x7C3C, 0x7C3C, 0x3C34, 0x1C34, 0x5723, 0x6D11, 0x2E11, 0x2408, 0xEE19,
  0x7C3C, 0xFB54, 0x3B65, 0x5B6D, 0x3B65, 0x1B5D, 0xFB54, 0xDB4C, 0xDB54, 0xDB4C, 0x6E22, 0x95AD,
  0xFFEF, 0x9EDF, 0xBFEF, 0xDFEF, 0xDFEF, 0xDFEF, 0xDFEF, 0xBFEF, 0xBEEF, 0x0000, 0x0000, 0x0000,
  0x0000, 0x0000, 0x0000, 0x0000, 0x0000, 0x0000, 0x0000, 0x0000, 0x0000, 0x0000, 0x0000, 0x0000,
  0x0000, 0x0000, 0x0000, 0x0000, 0x0000, 0x0000, 0x0000, 0x0000, 0x0000, 0x0000, 0x0000, 0x0000,
  0x0000, 0x0000, 0x0000, 0x0000, 0x0000, 0x0000, 0x0000, 0x0000, 0x0000, 0x0000, 0x0000, 0x0000,
  0x0000, 0x0000, 0x0000, 0x0000, 0x0000, 0x0000, 0xC1F2, 0xC1F2, 0xA1EA, 0x41EA, 0x21EA, 0xE1E1,
  0xE0D9, 0xCA41, 0xF812, 0xD71A, 0xD81A, 0xB812, 0xB812, 0xD812, 0xD81A, 0xD812, 0xB712, 0xB612,
  0x7412, 0xE908, 0x0D09, 0x141A, 0xB42A, 0xEF11, 0xD912, 0xB712, 0xD712, 0xF81A, 0xCF11, 0xB132,
  0x902A, 0xB812, 0xD71A, 0x9612, 0xB812, 0xCF11, 0xEB08, 0x1312, 0x9733, 0x4E2A, 0xB612, 0x181B,
  0x381B, 0xF61A, 0xCE19, 0x7222, 0x371B, 0x3823, 0x3823, 0x5923, 0x931A, 0xCA08, 0xB211, 0xB833,
  0x304B, 0x5212, 0x5823, 0x5723, 0x9923, 0xB31A, 0x4F2A, 0x1333, 0x171B, 0x381B, 0x181B, 0x391B,
  0x3112, 0x2300, 0xCB08, 0xD111, 0x762B, 0x1975, 0x7CB6, 0x79C6, 0x51B5, 0x5053, 0x171B, 0x572B,
  0x572B, 0x5723, 0x5723, 0x7723, 0x982B, 0x772B, 0x5923, 0x9022, 0x91BD, 0x15C6, 0x103B, 0x2F1A,
  0x992B, 0x372B, 0x3723, 0x171B, 0xD032, 0x556C, 0xAD21, 0xA608, 0xB412, 0xD512, 0xF71A, 0x3723,
  0x371B, 0x2911, 0x511A, 0x3723, 0x3623, 0x3723, 0x3723, 0xF712, 0xAF2A, 0xF743, 0x531A, 0xAD11,
  0xF71A, 0xF71A, 0xF81A, 0x391B, 0xD71A, 0x902A, 0x721A, 0x191B, 0x181B, 0x181B, 0x391B, 0x960A,
  0x346C, 0xBC85, 0xB833, 0xB61A, 0x9011, 0x8708, 0x921A, 0x5923, 0x5823, 0x5923, 0xF812, 0x5243,
  0x5A7D, 0x9833, 0x751A, 0x8F11, 0x6408, 0x0809, 0x7A23, 0x7823, 0x7923, 0xBA2B, 0x9A23, 0xED11,
  0x6B11, 0xAD11, 0xEE19, 0x0E1A, 0x8F11, 0x2D09, 0x2300, 0xAD11, 0x7A23, 0xB92B, 0x1B34, 0x1B2C,
  0x1B2C, 0x5C3C, 0x3C34, 0x1A34, 0x3B34, 0x1B2C, 0xFD1B, 0x323B, 0x9DE7, 0xBEDF, 0x9EE7, 0xBFEF,
  0xBFEF, 0xDFEF, 0xDFF7, 0xDFF7, 0xBEF7, 0x0000, 0x0000, 0x0000, 0x0000, 0x0000, 0x0000, 0x0000,
  0x0000, 0x0000, 0x0000, 0x0000, 0x0000, 0x0000, 0x0000, 0x0000, 0x0000, 0x0000, 0x0000, 0x0000,
  0x0000, 0x0000, 0x0000, 0x0000, 0x0000, 0x0000, 0x0000, 0x0000, 0x0000, 0x0000, 0x0000, 0x0000,
  0x0000, 0x0000, 0x0000, 0x0000, 0x0000, 0x0000, 0x0000, 0x0000, 0x0000, 0x0000, 0x0000, 0x0000,
  0x0000, 0x0000, 0xE2FC, 0xE2FC, 0xA2F4, 0x81F4, 0x82F4, 0x42EC, 0x01E4, 0x0A3A, 0x980A, 0x9712,
  0x760A, 0x770A, 0x9712, 0x7612, 0x9612, 0x7612, 0x7612, 0x9712, 0xB712, 0x2809, 0x2C09, 0x792B,
  0x7764, 0xCE19, 0x5612, 0x7612, 0x971A, 0xB81A, 0x8E09, 0x903A, 0x4E2A, 0x3412, 0x5412, 0x7612,
  0x5412, 0x0809, 0xEA08, 0xF211, 0x362B, 0x2E22, 0x3412, 0x951A, 0xB612, 0xD812, 0xF812, 0xD812,
  0xD71A, 0x931A, 0x0E12, 0x1112, 0x3212, 0xA708, 0x6F09, 0x572B, 0x0F43, 0x5212, 0x191B, 0x1623,
  0x152B, 0x0E12, 0x2E22, 0x9032, 0xB51A, 0xB322, 0x7022, 0x321A, 0xCD11, 0x2300, 0xA900, 0xB011,
  0x362B, 0xD964, 0x1AA6, 0xFDCE, 0x73AD, 0xCA21, 0x181B, 0x1623, 0xF71A, 0xD61A, 0xB41A, 0xD41A,
  0xD41A, 0xB322, 0x941A, 0xED19, 0xB2BD, 0xF6BD, 0xEF32, 0x6911, 0x2F1A, 0xEE11, 0x501A, 0x311A,
  0x0B2A, 0x5464, 0x8B19, 0xA508, 0x3212, 0x5212, 0x0E12, 0x8B11, 0xEE19, 0x0711, 0xA410, 0xD51A,
  0x1723, 0xD61A, 0x731A, 0x3212, 0x8E2A, 0xD73B, 0x731A, 0x8C11, 0x9512, 0x961A, 0x7312, 0x3212,
  0xEF11, 0xEA31, 0x2A11, 0x9412, 0x5312, 0x110A, 0xCF11, 0xCF09, 0x336C, 0xBB85, 0xB833, 0x9512,
  0xB011, 0x8708, 0x5312, 0x5A1B, 0x391B, 0x181B, 0x9612, 0x514B, 0x9A85, 0xD933, 0xB51A, 0xB011,
  0x8608, 0xC608, 0x181B, 0x5A1B, 0x381B, 0x9312, 0xAC11, 0x0619, 0x4E32, 0xD12A, 0x941A, 0x7512,
  0xF211, 0x2D09, 0x2300, 0xAD11, 0x9C23, 0x7A23, 0x9C1B, 0x7B23, 0x381B, 0x0F1A, 0xF522, 0x9B23,
  0xF51A, 0xEF11, 0xAD11, 0x4B11, 0x349D, 0xFFF7, 0xDFEF, 0x7EE7, 0x9FEF, 0xBFF7, 0xDFF7, 0xDFF7,
  0xBFF7, 0x0000, 0x0000, 0x0000, 0x0000, 0x0000, 0x0000, 0x0000, 0x0000, 0x0000, 0x0000, 0x0000,
  0x0000, 0x0000, 0x0000, 0x0000, 0x0000, 0x0000, 0x0000, 0x0000, 0x0000, 0x0000, 0x0000, 0x0000,
  0x0000, 0x0000, 0x0000, 0x0000, 0x0000, 0x0000, 0x0000, 0x0000, 0x0000, 0x0000, 0x0000, 0x0000,
  0x0000, 0x0000, 0x0000, 0x0000, 0x0000, 0x0000, 0x0000, 0x0000, 0x0000, 0x0000, 0x62F5, 0x82FD,
  0x22FD, 0x42FD, 0x61F5, 0x62F5, 0xE1DC, 0x8729, 0x4C09, 0x6C11, 0x120A, 0xF011, 0x6A11, 0xE610,
  0x0711, 0xC508, 0xC508, 0x6A09, 0x8B11, 0x8108, 0xA808, 0xB61A, 0xB85C, 0x0519, 0x8408, 0xC408,
  0x6B09, 0xCC11, 0xA508, 0xB23A, 0x6621, 0x2100, 0x6300, 0xC508, 0x8308, 0x2008, 0xC908, 0xB011,
  0xB322, 0x0519, 0x6208, 0x6308, 0x8408, 0x2909, 0xCE09, 0xCE11, 0x2811, 0x6200, 0x0100, 0x2100,
  0xA408, 0x8608, 0x4E11, 0xF522, 0x0A2A, 0x4811, 0x2B22, 0x6611, 0xA310, 0x2100, 0x2E2A, 0x8721,
  0xA308, 0xA218, 0x4008, 0x2008, 0x6108, 0x2208, 0x8808, 0x8F11, 0xD522, 0x594C, 0xDA95, 0x9CBE,
  0xB9CE, 0x2421, 0xE608, 0x6A11, 0x4A09, 0xE608, 0x8308, 0x8208, 0x8408, 0xE810, 0x4A11, 0xEB29,
  0xF5C5, 0xD6AD, 0xAE2A, 0x2008, 0x2008, 0x4010, 0x4010, 0x2008, 0x2421, 0x1464, 0x6A19, 0x6108,
  0x8210, 0x6208, 0x4010, 0x4010, 0x0008, 0x2811, 0xE710, 0x2711, 0xAC11, 0x2709, 0xA208, 0x4008,
  0xA721, 0xB733, 0x7312, 0xC510, 0x8308, 0x8400, 0x4200, 0x0000, 0x2008, 0xAD11, 0x6408, 0x2100,
  0x0100, 0x0000, 0x0000, 0x0000, 0xD16B, 0x9B7D, 0xB82B, 0x9512, 0x9109, 0x8708, 0x2911, 0xCF09,
  0x4B09, 0xC600, 0x6400, 0x8B42, 0xBB85, 0xD83B, 0xB51A, 0xB011, 0xA608, 0x2008, 0xA400, 0x2909,
  0xA610, 0x4128, 0x0008, 0x8F63, 0x5D9E, 0x5A44, 0x3923, 0x9612, 0xD211, 0x2D09, 0x4408, 0x8308,
  0x8B11, 0x3012, 0x1012, 0xE808, 0x6408, 0x8708, 0x6308, 0xA508, 0x2100, 0x0000, 0x0000, 0x0000,
  0x2108, 0x2C63, 0xFBCE, 0xFFF7, 0xDFEF, 0x9EEF, 0xBFEF, 0xDFF7, 0xBEF7, 0x0000, 0x0000, 0x0000,
  0x0000, 0x0000, 0x0000, 0x0000, 0x0000, 0x0000, 0x0000, 0x0000, 0x0000, 0x0000, 0x0000, 0x0000,
  0x0000, 0x0000, 0x0000, 0x0000, 0x0000, 0x0000, 0x0000, 0x0000, 0x0000, 0x0000, 0x0000, 0x0000,
  0x0000, 0x0000, 0x0000, 0x0000, 0x0000, 0x0000, 0x0000, 0x0000, 0x0000, 0x0000, 0x0000, 0x0000,
  0x0000, 0x0000, 0x0000, 0x0000, 0x0000, 0x0000, 0x22F4, 0x22F4, 0x01F4, 0x41F4, 0xA1F4, 0xC2EB,
  0x21BA, 0xC420, 0x2000, 0x0000, 0x4100, 0x4000, 0x0000, 0x8508, 0xA408, 0x0000, 0x2010, 0x0010,
  0x2000, 0x2008, 0xA508, 0xF311, 0xB63B, 0xA118, 0x0000, 0x4010, 0x2018, 0x2008, 0x2200, 0x3343,
  0x2419, 0x0008, 0x6020, 0x4018, 0x2008, 0x4108, 0xC708, 0x6F11, 0x0F1A, 0x4000, 0x2008, 0x4020,
  0x2008, 0x0000, 0x0000, 0x0008, 0x0000, 0x4020, 0xE268, 0x6028, 0x4000, 0x6308, 0x0B09, 0x531A,
  0xC921, 0x0000, 0x0008, 0x6040, 0x2171, 0x4028, 0xAD11, 0x8541, 0x8079, 0x4179, 0x6140, 0x0000,
  0x2000, 0x2108, 0x6608, 0x2D11, 0x931A, 0x1844, 0x7A85, 0x5BAE, 0xBAC6, 0x6429, 0x0000, 0x6030,
  0x4028, 0x4010, 0x4008, 0x6108, 0xA608, 0x8F19, 0xF622, 0x785C, 0x58CE, 0xF8AD, 0xAE32, 0x2010,
  0x2261, 0xC299, 0x4179, 0x6030, 0x4421, 0xD35B, 0x2819, 0x6110, 0x4008, 0x6028, 0x4179, 0x6289,
  0x6038, 0x6B32, 0xCE3A, 0x0010, 0xA040, 0xA038, 0x8120, 0x4008, 0x8621, 0xB733, 0x9312, 0xA508,
  0x0010, 0x4169, 0x2169, 0x4120, 0x2000, 0x2E2A, 0x6300, 0x2018, 0x6179, 0x4179, 0x6128, 0x0000,
  0xB063, 0x7B7D, 0x982B, 0x751A, 0x9009, 0x8608, 0x0000, 0x4038, 0xC070, 0x6050, 0x0000, 0x493A,
  0x9C85, 0xD83B, 0x951A, 0x9009, 0xA708, 0x0000, 0x0018, 0x6060, 0xC199, 0xE2CA, 0xE080, 0x0E5B,
  0x597D, 0xB633, 0xD51A, 0x3312, 0xD109, 0x2D09, 0x6508, 0x0000, 0x0000, 0x2030, 0x2030, 0x0008,
  0x4100, 0x2C09, 0x2100, 0x0018, 0xC170, 0xE178, 0x6138, 0x2100, 0x0008, 0x0000, 0xA310, 0x107C,
  0x3CD7, 0xFFF7, 0xFFF7, 0xBFEF, 0x9EEF, 0x0000, 0x0000, 0x0000, 0x0000, 0x0000, 0x0000, 0x0000,
  0x0000, 0x0000, 0x0000, 0x0000, 0x0000, 0x0000, 0x0000, 0x0000, 0x0000, 0x0000, 0x0000, 0x0000,
  0x0000, 0x0000, 0x0000, 0x0000, 0x0000, 0x0000, 0x0000, 0x0000, 0x0000, 0x0000, 0x0000, 0x0000,
  0x0000, 0x0000, 0x0000, 0x0000, 0x0000, 0x0000, 0x0000, 0x0000, 0x0000, 0x0000, 0x0000, 0x0000,
  0x0000, 0x0000, 0x41F2, 0x81F2, 0x41F2, 0x21EA, 0x21E2, 0x81B0, 0x0080, 0x2010, 0x2100, 0x8048,
  0xC060, 0x6128, 0x0000, 0xA808, 0xC500, 0x4028, 0x6191, 0x6189, 0xA138, 0x4008, 0x8508, 0x9111,
  0xD422, 0x8208, 0x4018, 0x0179, 0xA1A1, 0x0181, 0x2120, 0x0711, 0xC230, 0x8199, 0x81A9, 0xC170,
  0x6128, 0x4008, 0x8608, 0x2D09, 0x8C11, 0x0008, 0x0161, 0x02AA, 0xC150, 0x0000, 0x6B19, 0x3143,
  0x6110, 0x6291, 0x22C2, 0x2281, 0x6120, 0x6200, 0xC908, 0xD111, 0xA919, 0x4008, 0xE258, 0x42C2,
  0xE4D3, 0x25A3, 0x0652, 0x26B4, 0xC4DC, 0x22CB, 0x61A1, 0x6140, 0x0000, 0x2100, 0x6508, 0xEB10,
  0x321A, 0xB63B, 0xF96C, 0xFBA5, 0x59BE, 0x6329, 0xA158, 0x22AA, 0x62AA, 0x4279, 0x8118, 0xE618,
  0x2C19, 0x321A, 0xB73B, 0x177D, 0x79CE, 0x19BE, 0xAE32, 0x8038, 0xC2BA, 0x03CC, 0xA2C2, 0xE168,
  0x4421, 0x9353, 0x2919, 0x6108, 0x6018, 0x4189, 0xE1CA, 0x42CB, 0xC1A1, 0x2359, 0x4341, 0x018A,
  0x43C3, 0x42B2, 0x2279, 0x4018, 0x8621, 0xB73B, 0x5212, 0x8408, 0x4179, 0x43D4, 0xE3D3, 0x2189,
  0x2010, 0x8F2A, 0x6400, 0x4081, 0x83DC, 0x03D4, 0x8199, 0x0018, 0x8F63, 0x5B75, 0x782B, 0x751A,
  0xB011, 0x8600, 0x6038, 0xC2C2, 0x82D3, 0x02BA, 0x2048, 0x293A, 0xBC8D, 0xF83B, 0xB51A, 0x9009,
  0xA708, 0x2008, 0xA170, 0x61CA, 0x26E5, 0x2CEE, 0xE6DC, 0x6292, 0x0359, 0x8220, 0x6208, 0x2100,
  0x0B09, 0x2D09, 0x4508, 0x0000, 0x6150, 0xC2B9, 0xE2B9, 0x8160, 0x4208, 0x2B09, 0x0100, 0xC168,
  0x42D3, 0x22CB, 0x02A1, 0x2020, 0x0000, 0x2108, 0x0000, 0x0000, 0xE318, 0xCF73, 0xDBD6, 0xFFFF,
  0xFFF7, 0x0000, 0x0000, 0x0000, 0x0000, 0x0000, 0x0000, 0x0000, 0x0000, 0x0000, 0x0000, 0x0000,
  0x0000, 0x0000, 0x0000, 0x0000, 0x0000, 0x0000, 0x0000, 0x0000, 0x0000, 0x0000, 0x0000, 0x0000,
  0x0000, 0x0000, 0x0000, 0x0000, 0x0000, 0x0000, 0x0000, 0x0000, 0x0000, 0x0000, 0x0000, 0x0000,
  0x0000, 0x0000, 0x0000, 0x0000, 0x0000, 0x0000, 0x0000, 0x0000, 0x0000, 0x0000, 0xE1F1, 0xA1E9,
  0x81C0, 0x40B0, 0x21B0, 0x2198, 0x4070, 0x0000, 0x6040, 0xE3CA, 0x84CB, 0x6181, 0x0010, 0xA700,
  0xA510, 0x4089, 0x24DC, 0xA3CB, 0x6191, 0x6018, 0x6408, 0x4E11, 0x3212, 0x4108, 0xC168, 0x81CA,
  0x64DC, 0x03DC, 0x61AA, 0xC091, 0xA1C2, 0xA2DB, 0x81C2, 0x21A1, 0xA160, 0x4010, 0x6500, 0xEB08,
  0xE800, 0x8040, 0xA4CB, 0x64D4, 0xE199, 0x2110, 0xD019, 0x7664, 0xE238, 0xE2C2, 0x03D4, 0x42BA,
  0xC150, 0x4100, 0xA708, 0x8F19, 0xA821, 0x6028, 0xA2A1, 0x82CB, 0x47D5, 0xABDD, 0xCBDD, 0xC9DD,
  0x26D5, 0xC2CB, 0xE1B1, 0xC170, 0x0010, 0x2100, 0x6408, 0xC910, 0xD119, 0x5633, 0x9964, 0x9995,
  0x39AE, 0xA449, 0x8199, 0x01C3, 0x03CC, 0x82B2, 0xC150, 0xAB29, 0xCF21, 0x3533, 0xB864, 0xD99D,
  0x9ACE, 0x19B6, 0x8E32, 0x0071, 0xE3DB, 0x45D5, 0x23D4, 0x4191, 0x4439, 0x3143, 0x4921, 0x6108,
  0xA040, 0xE1B1, 0xE2D3, 0xA3D4, 0xC2D3, 0x21CB, 0xA3C3, 0xE5DC, 0x43D4, 0xC1C2, 0x61A1, 0x4040,
  0x6619, 0x9733, 0x1212, 0x8320, 0xC1BA, 0x87DD, 0x25D5, 0x62C2, 0x4038, 0xAF22, 0xC528, 0x61BA,
  0xA7DD, 0x87D5, 0xE1CA, 0x0048, 0x4F53, 0x3B6D, 0x782B, 0x5512, 0x9011, 0x6600, 0x0071, 0x64DC,
  0x65DD, 0x22D3, 0x8088, 0x294A, 0x9B85, 0xF843, 0xD61A, 0x9011, 0x8600, 0x2018, 0x41A1, 0xE2DB,
  0xE7E5, 0x91E6, 0x8EE6, 0x65ED, 0xC1CA, 0xE198, 0x6050, 0x0008, 0xE908, 0x2D09, 0x4400, 0x2010,
  0x41A1, 0x23D4, 0x63DC, 0xA1B1, 0x4228, 0x2B01, 0x0110, 0xE2A1, 0x45DD, 0xA3D4, 0x02C2, 0x4148,
  0x2000, 0x0000, 0x2000, 0x4108, 0x0000, 0x0000, 0x8210, 0xEB5A, 0x54A5, 0x0000, 0x0000, 0x0000,
  0x0000, 0x0000, 0x0000, 0x0000, 0x0000, 0x0000, 0x0000, 0x0000, 0x0000, 0x0000, 0x0000, 0x0000,
  0x0000, 0x0000, 0x0000, 0x0000, 0x0000, 0x0000, 0x0000, 0x0000, 0x0000, 0x0000, 0x0000, 0x0000,
  0x0000, 0x0000, 0x0000, 0x0000, 0x0000, 0x0000, 0x0000, 0x0000, 0x0000, 0x0000, 0x0000, 0x0000,
  0x0000, 0x0000, 0x0000, 0x0000, 0x0000, 0x0000, 0xE1C8, 0x61B8, 0x21A0, 0x41A0, 0x41A8, 0x6298,
  0x6158, 0x0010, 0xA1A1, 0x28DD, 0x07CD, 0x61AA, 0x4038, 0x8600, 0xA528, 0xC2C2, 0x88E5, 0xA4D4,
  0x01B2, 0x8138, 0x6400, 0x2D11, 0xB011, 0x6120, 0x4099, 0xC2DB, 0x87E5, 0x87E5, 0x66E5, 0x46ED,
  0x46E5, 0xE3DC, 0x22CB, 0x81A9, 0xC180, 0x6128, 0x4400, 0xEA10, 0xA600, 0xE289, 0x47E5, 0xC5D4,
  0x01AA, 0x6220, 0x0B09, 0x543B, 0x8361, 0x22D3, 0xC4D4, 0x43CB, 0x4189, 0x6110, 0x8408, 0x4D19,
  0x8819, 0xA048, 0x42BA, 0xC2D3, 0xC4DC, 0xC8DD, 0xC9DD, 0x46DD, 0x83D4, 0x62CB, 0x01BA, 0x0289,
  0x4028, 0x2100, 0x6300, 0xC908, 0xB011, 0x552B, 0x5754, 0x397D, 0x19A6, 0x0562, 0xA0A9, 0xE3CB,
  0xE6D4, 0x24C3, 0x0161, 0x0E5B, 0xF252, 0x544B, 0x1885, 0x5AB6, 0xBAD6, 0x5AB6, 0x4D32, 0x4069,
  0x62C3, 0x84CC, 0x03CC, 0x81A9, 0x4549, 0x1143, 0x0811, 0x6000, 0x0171, 0x61C2, 0xC1D3, 0xC3DC,
  0x44E5, 0xA7E5, 0x2BE6, 0x66DD, 0xC2CB, 0x61C2, 0x82A9, 0xC168, 0x6621, 0x562B, 0xF109, 0xA328,
  0x01C3, 0xC8DD, 0x45D5, 0xA1CA, 0x8160, 0xAF22, 0x0641, 0x40C2, 0xE5D4, 0x86DD, 0x02CB, 0x4060,
  0x2F53, 0xFB64, 0x5723, 0x7412, 0x9011, 0x6600, 0x4081, 0x23DC, 0xE4DC, 0x02D3, 0xE0A0, 0x495A,
  0x7B7D, 0x1844, 0xF622, 0x9011, 0x6500, 0x4020, 0xC2B1, 0xC2D3, 0x24DD, 0xE8E5, 0x08EE, 0x85DD,
  0x23D4, 0x41C2, 0xE198, 0x4040, 0xE908, 0x0D09, 0x4500, 0x4030, 0x21BA, 0xC4D4, 0x04DD, 0x21C2,
  0x8258, 0x4B01, 0x0120, 0x42B2, 0x04DD, 0x63D4, 0x62CA, 0x8168, 0x0000, 0x0000, 0x0000, 0x0000,
  0x2008, 0x4110, 0x2008, 0x0000, 0x0000, 0x0000, 0x0000, 0x0000, 0x0000, 0x0000, 0x0000, 0x0000,
  0x0000, 0x0000, 0x0000, 0x0000, 0x0000, 0x0000, 0x0000, 0x0000, 0x0000, 0x0000, 0x0000, 0x0000,
  0x0000, 0x0000, 0x0000, 0x0000, 0x0000, 0x0000, 0x0000, 0x0000, 0x0000, 0x0000, 0x0000, 0x0000,
  0x0000, 0x0000, 0x0000, 0x0000, 0x0000, 0x0000, 0x0000, 0x0000, 0x0000, 0x0000, 0x0000, 0x0000,
  0x0000, 0x0000, 0x41B0, 0x62A8, 0x41A0, 0x41A8, 0x61A0, 0xC3A8, 0x8368, 0x0028, 0x02C2, 0xE5DC,
  0xA4D4, 0x82BA, 0x8058, 0x8500, 0xC530, 0x61C2, 0xC5E4, 0x63DC, 0x22BA, 0xA160, 0x6308, 0xEA10,
  0x6E09, 0x8230, 0x41A9, 0x02D3, 0x83DC, 0x04E5, 0x45E5, 0x65E5, 0xE4E4, 0xE2DB, 0x82CA, 0x81A9,
  0x0199, 0x8248, 0x4300, 0xC908, 0xA518, 0xC1A1, 0x04DC, 0x42CB, 0x82A1, 0x8220, 0xA808, 0x521A,
  0xA559, 0x21CA, 0x22D3, 0xC2CA, 0x42A1, 0x6140, 0x6308, 0x0B19, 0x4719, 0xA060, 0xE2B9, 0xC2CA,
  0x42D3, 0x43DC, 0x63DC, 0xE2D3, 0x21CB, 0x82C2, 0xE2B1, 0x02A1, 0x4038, 0x6220, 0x4318, 0x8620,
  0x2C31, 0x7142, 0xD563, 0xB884, 0x739C, 0x2261, 0x8190, 0x62A1, 0xA4A1, 0x0299, 0x6170, 0x4589,
  0x4791, 0x2789, 0xEBA1, 0xF3BB, 0xF9CD, 0xF2BB, 0xC580, 0x4178, 0x6180, 0x8180, 0x8188, 0x6190,
  0xA378, 0x0671, 0x6358, 0x6138, 0xC260, 0xC491, 0x02AA, 0x62BA, 0x02BB, 0xC4C3, 0x65DC, 0xE3DB,
  0x82CA, 0x02C2, 0xC2B1, 0x8068, 0x4621, 0x562B, 0xAF09, 0xA330, 0x41C2, 0x63DC, 0x22DC, 0x62CA,
  0xE180, 0xB02A, 0x4649, 0x80B9, 0xA1C2, 0x82D3, 0x42C2, 0x8078, 0x0F4B, 0x9A4C, 0x1623, 0x3312,
  0x6E11, 0x4500, 0x6089, 0x22DB, 0xE2D2, 0x02CA, 0xE0A8, 0x4962, 0x9B7D, 0xF843, 0xD61A, 0x8F11,
  0x4400, 0x4028, 0x61B1, 0x41CA, 0x22DB, 0x22E4, 0x62E4, 0x62E4, 0xC2DB, 0xA2D2, 0x41B1, 0x6168,
  0xE910, 0x0C09, 0x4500, 0x6140, 0xE1C9, 0x02D3, 0x21D3, 0xA1C9, 0xC270, 0x2B01, 0x4128, 0xC2B9,
  0x22D3, 0x02D3, 0x85C2, 0x8A9A, 0xCC31, 0x6408, 0x0000, 0x2000, 0x2000, 0x2008, 0x4108, 0x4108,
  0x8210, 0x0000, 0x0000, 0x0000, 0x0000, 0x0000, 0x0000, 0x0000, 0x0000, 0x0000, 0x0000, 0x0000,
  0x0000, 0x0000, 0x0000, 0x0000, 0x0000, 0x0000, 0x0000, 0x0000, 0x0000, 0x0000, 0x0000, 0x0000,
  0x0000, 0x0000, 0x0000, 0x0000, 0x0000, 0x0000, 0x0000, 0x0000, 0x0000, 0x0000, 0x0000, 0x0000,
  0x0000, 0x0000, 0x0000, 0x0000, 0x0000, 0x0000, 0x0000, 0x0000, 0x0000, 0x0000, 0xA2B8, 0x82B0,
  0x62A8, 0x62A8, 0xA2A8, 0x87A9, 0xD19A, 0x2A62, 0x82A9, 0x81CA, 0xA2CA, 0xC2B9, 0x8060, 0x6400,
  0xA428, 0x60A9, 0x61CA, 0x61C2, 0xA1B1, 0xE078, 0x6110, 0x8508, 0x0C09, 0x0721, 0xE080, 0x60A9,
  0x00BA, 0x81CA, 0xA1CA, 0xC1CA, 0x81C2, 0x01BA, 0x60A1, 0x0091, 0xA068, 0x2020, 0x4400, 0xC808,
  0xA320, 0x6099, 0x01B2, 0x01B2, 0x8199, 0xA128, 0x6508, 0x6F11, 0x4539, 0x2099, 0xA1A9, 0xA1A1,
  0x2289, 0x8040, 0x2100, 0xA808, 0xE618, 0x6048, 0x0191, 0x81A1, 0xC2A1, 0xE2A1, 0x02A2, 0xC299,
  0x8191, 0x6191, 0x2189, 0xA150, 0x0C6B, 0x4591, 0x0198, 0x2298, 0x6298, 0xA5A0, 0x50A2, 0x31C3,
  0xA370, 0x2030, 0x2020, 0x0018, 0x0118, 0x2020, 0x4120, 0x2018, 0x2020, 0x2020, 0x0020, 0x4228,
  0xE630, 0x6220, 0x2020, 0x4020, 0x4020, 0x4020, 0x2020, 0x4018, 0x4020, 0x2020, 0x6130, 0x6150,
  0x6380, 0x4AA9, 0xC690, 0x0188, 0x0198, 0x02A0, 0xE280, 0xC289, 0x4281, 0x0179, 0xC060, 0xC230,
  0x1033, 0xB522, 0x4D09, 0xC320, 0x4279, 0x0292, 0xA089, 0x4089, 0xC150, 0x6F22, 0x4629, 0x0181,
  0x4191, 0x2089, 0xC068, 0x2040, 0xCF3A, 0xF93B, 0x5412, 0x6F09, 0xEA08, 0x8400, 0xE158, 0xA299,
  0x4089, 0xA088, 0x2068, 0x0942, 0x1B65, 0x7823, 0x5512, 0x2D11, 0x4400, 0x6120, 0xE270, 0xE288,
  0x2189, 0x6191, 0x8291, 0xA191, 0x6191, 0x0081, 0xA078, 0x2040, 0xA800, 0xED08, 0x6500, 0x6128,
  0x0281, 0x2189, 0x0181, 0xC180, 0xA348, 0x6D09, 0x6318, 0xC168, 0x6289, 0xA391, 0x688A, 0xF7A4,
  0x9DB6, 0x347C, 0x0100, 0x2000, 0x0000, 0x0008, 0x2008, 0x6108, 0x2108, 0x0000, 0x0000, 0x0000,
  0x0000, 0x0000, 0x0000, 0x0000, 0x0000, 0x0000, 0x0000, 0x0000, 0x0000, 0x0000, 0x0000, 0x0000,
  0x0000, 0x0000, 0x0000, 0x0000, 0x0000, 0x0000, 0x0000, 0x0000, 0x0000, 0x0000, 0x0000, 0x0000,
  0x0000, 0x0000, 0x0000, 0x0000, 0x0000, 0x0000, 0x0000, 0x0000, 0x0000, 0x0000, 0x0000, 0x0000,
  0x0000, 0x0000, 0x0000, 0x0000, 0x0000, 0x0000, 0x62B0, 0x82B8, 0x82B0, 0xA3B8, 0xE4B8, 0xA8A9,
  0x58CD, 0x3BCE, 0x8651, 0x4128, 0x4120, 0x2118, 0x0000, 0x4300, 0x6408, 0xA528, 0xA430, 0x8230,
  0xA228, 0xA320, 0x8510, 0xC808, 0xEA10, 0x4F11, 0x8D21, 0xAB29, 0x6A29, 0xE728, 0x8520, 0x6420,
  0xA620, 0x0821, 0x6A21, 0x2D32, 0x0C2A, 0x4819, 0xE710, 0xA808, 0x8708, 0xE618, 0x0729, 0x0629,
  0x4821, 0xAD21, 0x8B19, 0x8D21, 0xAE19, 0x8B21, 0x2821, 0xA620, 0xE718, 0x8B19, 0x2D2A, 0x8B21,
  0x0919, 0xA608, 0x8308, 0x4110, 0x6110, 0x8210, 0xA418, 0xC618, 0x0921, 0x8C21, 0x6E32, 0x9253,
  0xB9AD, 0x93AC, 0x6699, 0x26A1, 0xE530, 0x0829, 0x6881, 0xA358, 0x4000, 0x4000, 0x2008, 0x2000,
  0x4000, 0x4000, 0x6000, 0x4000, 0x4000, 0x4000, 0x6100, 0x4008, 0x2008, 0x4008, 0x4008, 0x8008,
  0x6008, 0x6008, 0x6008, 0x6008, 0x6008, 0x8008, 0x4000, 0x6000, 0x6010, 0x4150, 0x087A, 0x4C73,
  0xC889, 0x6A99, 0xB35B, 0xD132, 0xCD21, 0xAC31, 0x715B, 0x3554, 0x5633, 0x722A, 0xF242, 0x702A,
  0x2B09, 0xE810, 0x8821, 0xEF3A, 0xB34B, 0x543B, 0x3022, 0x2B11, 0x0911, 0x6919, 0x8E32, 0xB44B,
  0xF743, 0x3723, 0x931A, 0x5222, 0x712A, 0x0F22, 0x2A11, 0x6608, 0xC708, 0x0C2A, 0x5143, 0x164C,
  0x1A44, 0xB933, 0x5633, 0x143B, 0x133B, 0xB132, 0xEE19, 0x2B09, 0xA800, 0x8600, 0x2400, 0x8600,
  0x2A09, 0x8D11, 0xCE11, 0xEF19, 0x3022, 0x311A, 0xEF19, 0x8E11, 0x2B09, 0x0909, 0xE908, 0x0909,
  0xE908, 0xEA08, 0x8608, 0x4300, 0x2100, 0x2100, 0x0000, 0xCA29, 0xBEB6, 0x1BB6, 0x6410, 0x0000,
  0x2000, 0x2000, 0x6108, 0x0000, 0x6629, 0x0000, 0x0000, 0x0000, 0x0000, 0x0000, 0x0000, 0x0000,
  0x0000, 0x0000, 0x0000, 0x0000, 0x0000, 0x0000, 0x0000, 0x0000, 0x0000, 0x0000, 0x0000, 0x0000,
  0x0000, 0x0000, 0x0000, 0x0000, 0x0000, 0x0000, 0x0000, 0x0000, 0x0000, 0x0000, 0x0000, 0x0000,
  0x0000, 0x0000, 0x0000, 0x0000, 0x0000, 0x0000, 0x0000, 0x0000, 0x0000, 0x0000, 0x0000, 0x0000,
  0x0000, 0x0000, 0xA2B8, 0x82B8, 0x82B8, 0xC3C0, 0xE3C0, 0x85B9, 0x2CD3, 0xCDDB, 0xA6CA, 0x24AA,
  0xE391, 0xA279, 0x8359, 0x4349, 0xE430, 0xA610, 0x8800, 0xA900, 0xCC00, 0x4F09, 0x8F11, 0xD119,
  0xF119, 0xF119, 0x121A, 0x531A, 0x941A, 0xD522, 0xD422, 0x9322, 0x111A, 0xD019, 0xD019, 0x121A,
  0x9322, 0x352B, 0x9643, 0x944B, 0x133B, 0x9232, 0x5122, 0x3222, 0x1112, 0xF119, 0x111A, 0xB32A,
  0x3533, 0xB73B, 0x9733, 0x352B, 0x922A, 0x1022, 0x3022, 0x922A, 0xF342, 0x3343, 0x534B, 0xCF4A,
  0xA931, 0xC510, 0xA510, 0x0A21, 0x6E21, 0x5332, 0xD753, 0x977C, 0xD794, 0xD5BC, 0x66B9, 0x2DCA,
  0x31AB, 0x6971, 0x8248, 0x2000, 0x4120, 0x2008, 0x2008, 0x4010, 0x4008, 0x4010, 0x4010, 0x6108,
  0x6108, 0x6110, 0x6108, 0x4108, 0x6108, 0x6110, 0x6010, 0x6010, 0x6010, 0xA118, 0x8010, 0x8010,
  0x8010, 0x8010, 0x6008, 0x6010, 0x6008, 0x4000, 0x2549, 0xF5BC, 0xD4B4, 0x0BAA, 0x7684, 0x388D,
  0x189D, 0x78B5, 0x389D, 0x566C, 0x9684, 0xD784, 0x7543, 0x912A, 0x334B, 0x155C, 0x775C, 0x384C,
  0x973B, 0xF52A, 0xF432, 0x7543, 0x744B, 0xD54B, 0x1A65, 0xDA5C, 0x594C, 0xF83B, 0x9733, 0x1623,
  0x9422, 0x932A, 0x922A, 0x502A, 0x1754, 0x7B7D, 0x5B75, 0xFB64, 0x9A54, 0x1944, 0x9733, 0x162B,
  0x951A, 0x531A, 0x7222, 0xB22A, 0xF32A, 0xF332, 0xB132, 0x553B, 0xF93B, 0xD83B, 0xB833, 0x3723,
  0xD522, 0x521A, 0xAF11, 0x6C11, 0x0911, 0xC608, 0xA508, 0x6308, 0x4100, 0x0000, 0x0000, 0x0000,
  0x0000, 0x2000, 0x4108, 0x0100, 0x4819, 0x6829, 0x2100, 0x0000, 0x4108, 0x2000, 0x0000, 0xCB52,
  0x3CDF, 0x0000, 0x0000, 0x0000, 0x0000, 0x0000, 0x0000, 0x0000, 0x0000, 0x0000, 0x0000, 0x0000,
  0x0000, 0x0000, 0x0000, 0x0000, 0x0000, 0x0000, 0x0000, 0x0000, 0x0000, 0x0000, 0x0000, 0x0000,
  0x0000, 0x0000, 0x0000, 0x0000, 0x0000, 0x0000, 0x0000, 0x0000, 0x0000, 0x0000, 0x0000, 0x0000,
  0x0000, 0x0000, 0x0000, 0x0000, 0x0000, 0x0000, 0x0000, 0x0000, 0x0000, 0x0000, 0x23C9, 0xE3C8,
  0x03C9, 0x42D1, 0x83D1, 0xE3C9, 0x23DA, 0x43E2, 0xA4E2, 0x25F3, 0x64F3, 0xC4FB, 0xE5FB, 0x25F4,
  0xE5E3, 0x05CC, 0xA6B3, 0x4793, 0xE87A, 0xA962, 0x8B4A, 0x4D32, 0x301A, 0x531A, 0xB422, 0xD522,
  0xD61A, 0xD61A, 0xF522, 0x562B, 0x9733, 0x9733, 0x963B, 0x553B, 0x143B, 0xF432, 0x152B, 0x7733,
  0x1844, 0x584C, 0x785C, 0x786C, 0x585C, 0xD64B, 0x512A, 0x722A, 0xD743, 0x1754, 0x9864, 0x197D,
  0x5A85, 0x397D, 0x9774, 0x945B, 0x3443, 0xD54B, 0x977C, 0x38A5, 0x16AD, 0x1294, 0xCE72, 0xCD41,
  0xEF39, 0xB563, 0xD87C, 0x3674, 0x737B, 0xCBA1, 0x21B0, 0xA6B0, 0x06C1, 0x6160, 0x2000, 0x6130,
  0x4140, 0x4000, 0x6008, 0x6008, 0x6008, 0x6010, 0x6110, 0x6010, 0x6108, 0x6108, 0x6008, 0x4008,
  0x6108, 0x6008, 0x6008, 0x6010, 0x8110, 0x8110, 0x8010, 0x6010, 0x8010, 0xA110, 0xA010, 0x8110,
  0x6010, 0x6010, 0x4008, 0xE340, 0x2AA2, 0xC398, 0x0BA2, 0x75C4, 0x97CD, 0xF9C5, 0xB8BD, 0x57BD,
  0x37AD, 0x5584, 0xF473, 0xB684, 0xF87C, 0x775C, 0x184C, 0x3854, 0x7864, 0xD96C, 0x397D, 0xD874,
  0x7764, 0x9964, 0x9954, 0x5944, 0x3944, 0x193C, 0x3944, 0x594C, 0x995C, 0xD964, 0x575C, 0x785C,
  0xB95C, 0x594C, 0x183C, 0xD833, 0x9823, 0x5823, 0x782B, 0xB833, 0x3844, 0x9A54, 0xBA54, 0x794C,
  0xF93B, 0x772B, 0x152B, 0xF42A, 0x9122, 0x2E22, 0xEC21, 0x0B2A, 0xE608, 0x2200, 0x4108, 0x2000,
  0x0000, 0x0000, 0x0000, 0x2000, 0x2000, 0x0000, 0x0000, 0x0000, 0x2000, 0x2000, 0x4108, 0x4108,
  0x0100, 0x0100, 0x4108, 0x4108, 0x0000, 0x6208, 0x928C, 0xFFFF, 0xBEEF, 0x0000, 0x0000, 0x0000,
  0x0000, 0x0000, 0x0000, 0x0000, 0x0000, 0x0000, 0x0000, 0x0000, 0x0000, 0x0000, 0x0000, 0x0000,
  0x0000, 0x0000, 0x0000, 0x0000, 0x0000, 0x0000, 0x0000, 0x0000, 0x0000, 0x0000, 0x0000, 0x0000,
  0x0000, 0x0000, 0x0000, 0x0000, 0x0000, 0x0000, 0x0000, 0x0000, 0x0000, 0x0000, 0x0000, 0x0000,
  0x0000, 0x0000, 0x0000, 0x0000, 0x0000, 0x0000, 0x85DA, 0xA5E2, 0x84DA, 0xA5DA, 0xC5DA, 0x05DB,
  0x26DB, 0x86E3, 0xA6EB, 0x07EC, 0x27EC, 0x86E4, 0xC6EC, 0xA6EC, 0xA6EC, 0xC7F4, 0x27F5, 0x68FD,
  0x67F5, 0x66F5, 0x66ED, 0x26E5, 0xC6CC, 0x46AC, 0xC78B, 0x4973, 0x0B5B, 0xED42, 0xAF32, 0x912A,
  0x3533, 0xB73B, 0xF843, 0x3944, 0x5954, 0x795C, 0x9964, 0x9864, 0x785C, 0x584C, 0x5854, 0xB85C,
  0x3975, 0x7A85, 0x7A8D, 0xF97C, 0x3A75, 0x1975, 0x1A75, 0x397D, 0x5995, 0xB99D, 0xDAAD, 0x1BB6,
  0xB9AD, 0xF79C, 0x7694, 0x54A4, 0x95B4, 0x95CC, 0x75D4, 0x34C4, 0xD6AC, 0x78B5, 0x527B, 0x8D49,
  0x0B61, 0x6398, 0x4298, 0x6298, 0x2160, 0x4000, 0x2018, 0x4160, 0x4010, 0x4020, 0x2020, 0x4010,
  0x4010, 0x6008, 0x4010, 0x6110, 0x6108, 0x6108, 0x6108, 0x6108, 0x6108, 0x8008, 0x8008, 0x8010,
  0x8010, 0x8010, 0x8010, 0x8010, 0x8010, 0x8018, 0x8018, 0x8010, 0x6010, 0x6010, 0x6010, 0x6010,
  0x2038, 0x6180, 0x6290, 0x69B1, 0x11C3, 0x54CC, 0xD9D5, 0x19CE, 0x98C5, 0xD5BC, 0x54AC, 0xD6A4,
  0xF794, 0x3895, 0x999D, 0xBAAD, 0xDAA5, 0x9A95, 0x7A8D, 0x5985, 0x1975, 0x1A6D, 0x1A6D, 0x3B75,
  0x3A6D, 0x3A6D, 0x3A6D, 0xFA5C, 0x994C, 0x394C, 0x394C, 0x794C, 0x7A54, 0xBB5C, 0xDB64, 0xFB64,
  0xDB5C, 0x9B4C, 0x5944, 0xF73B, 0x953B, 0x3233, 0xAF32, 0x6D32, 0x6B3A, 0xA952, 0xE862, 0x8883,
  0x2AA4, 0x8AB4, 0x2BC5, 0xCCDD, 0x68BC, 0xE128, 0x0000, 0x2008, 0x2000, 0x0000, 0x0000, 0x2000,
  0x2000, 0x0000, 0x0000, 0x2000, 0x0000, 0x2100, 0x4208, 0x6308, 0xA708, 0xC710, 0x2400, 0x0100,
  0x2A42, 0x9AC6, 0xFFFF, 0xDFF7, 0xBEEF, 0x0000, 0x0000, 0x0000, 0x0000, 0x0000, 0x0000, 0x0000,
  0x0000, 0x0000, 0x0000, 0x0000, 0x0000, 0x0000, 0x0000, 0x0000, 0x0000, 0x0000, 0x0000, 0x0000,
  0x0000, 0x0000, 0x0000, 0x0000, 0x0000, 0x0000, 0x0000, 0x0000, 0x0000, 0x0000, 0x0000, 0x0000,
  0x0000, 0x0000, 0x0000, 0x0000, 0x0000, 0x0000, 0x0000, 0x0000, 0x0000, 0x0000, 0x0000, 0x0000,
  0x0000, 0x0000, 0x63E3, 0x84EB, 0x64EB, 0x64E3, 0xA4EB, 0x63DB, 0xC4E3, 0x24F4, 0x43EC, 0x63F4,
  0x84F4, 0xC4F4, 0x03F5, 0xC3F4, 0xA3F4, 0xA3EC, 0xC3EC, 0xC3EC, 0xA3EC, 0xE3EC, 0x03ED, 0x44F5,
  0x84F5, 0xA3FD, 0xA3FD, 0x63FD, 0x43F5, 0x02E5, 0x82D4, 0x23BC, 0xA49B, 0x658B, 0x2973, 0x2C5B,
  0x6F53, 0xB253, 0x3564, 0xB76C, 0x397D, 0x9B8D, 0xBB95, 0xFB9D, 0xFB9D, 0xFAA5, 0x3BAE, 0x5BB6,
  0x5BB6, 0x3BB6, 0x1AAE, 0xFAAD, 0xDAAD, 0xB9A5, 0x78A5, 0x78B5, 0x57BD, 0xF5CC, 0x32BC, 0xD2C3,
  0x92BB, 0x31BB, 0xF1BA, 0xB6D4, 0x5ADE, 0x13D4, 0xE7B0, 0x8480, 0x6378, 0x4298, 0x62A8, 0x2188,
  0x2010, 0x2010, 0x2150, 0x4150, 0x2000, 0x2018, 0x2010, 0x2008, 0x4010, 0x2010, 0x4010, 0x4010,
  0x6010, 0x4010, 0x4010, 0x6010, 0x4010, 0x6010, 0x6010, 0x8010, 0x8018, 0x8018, 0x8010, 0x6018,
  0x8018, 0x6018, 0x6028, 0x6018, 0x6010, 0x6010, 0x6010, 0x8018, 0x8120, 0x8148, 0x6190, 0x84A8,
  0x07B9, 0x49B9, 0x11C3, 0xF9CD, 0xBBDE, 0x58D5, 0xF3C3, 0x55CC, 0xF6CC, 0x78C5, 0x78C5, 0x78BD,
  0x78AD, 0x99A5, 0x189D, 0xD78C, 0xF884, 0x397D, 0x3A7D, 0x3A75, 0xFA64, 0xBA54, 0xBA54, 0xBB54,
  0x7A4C, 0x1844, 0x9954, 0xD964, 0x975C, 0x3554, 0xB34B, 0x4F4B, 0xEC4A, 0xAA52, 0xA762, 0xE67A,
  0x458B, 0xC5A3, 0x45C4, 0x86D4, 0xE6E4, 0x27ED, 0x47ED, 0x68F5, 0x07ED, 0xE7EC, 0xC6E4, 0xA5DC,
  0xC5EC, 0x24DC, 0x6259, 0x0000, 0x0008, 0x0000, 0x2000, 0x2000, 0x2000, 0x0000, 0x0000, 0x0000,
  0x0000, 0x2100, 0x8408, 0x8508, 0x8708, 0x6700, 0x8A21, 0x1695, 0xFFF7, 0xFFF7, 0xBFEF, 0xDFF7,
  0xDFEF, 0x0000, 0x0000, 0x0000, 0x0000, 0x0000, 0x0000, 0x0000, 0x0000, 0x0000, 0x0000, 0x0000,
  0x0000, 0x0000, 0x0000, 0x0000, 0x0000, 0x0000, 0x0000, 0x0000, 0x0000, 0x0000, 0x0000, 0x0000,
  0x0000, 0x0000, 0x0000, 0x0000, 0x0000, 0x0000, 0x0000, 0x0000, 0x0000, 0x0000, 0x0000, 0x0000,
  0x0000, 0x0000, 0x0000, 0x0000, 0x0000, 0x0000, 0x0000, 0x0000, 0x0000, 0x0000, 0x62E2, 0x62E2,
  0x62E2, 0x41E2, 0x82EA, 0x40CA, 0x81DA, 0x01EB, 0xE2EA, 0x22EB, 0x22EB, 0x21EB, 0x22EB, 0x01EB,
  0xE1EA, 0xE1EA, 0xE2EA, 0x02EB, 0x02EB, 0x01EB, 0x21EB, 0x21EB, 0x41E3, 0x41E3, 0x22E3, 0x02E3,
  0x22E3, 0x21E3, 0x42E3, 0x22E3, 0x42EB, 0x21E3, 0x41E3, 0xE1D2, 0xA1CA, 0x81B2, 0x62A2, 0x648A,
  0x6782, 0xCA72, 0x4D73, 0xF17B, 0x9484, 0xF58C, 0x98A5, 0x19B6, 0xBBC6, 0x1DD7, 0x1DD7, 0x1DD7,
  0xBCD6, 0x7AD6, 0x39CE, 0x98CD, 0xD6CC, 0xF3CB, 0x4DA2, 0x0CA2, 0x8FCA, 0x0ECA, 0xEFC9, 0xD4CB,
  0x38D5, 0x6EBA, 0x64B0, 0x64B8, 0x85B0, 0x64B8, 0x2198, 0x0018, 0x2008, 0x2028, 0x2188, 0x2038,
  0x2000, 0x2000, 0x4148, 0x4188, 0x4188, 0x2190, 0x2190, 0x2190, 0x2188, 0x0188, 0x2188, 0x2188,
  0x2188, 0x2188, 0x4188, 0x2188, 0x2088, 0x4188, 0x4188, 0x4178, 0x4178, 0x4170, 0x6138, 0x6018,
  0x6008, 0x6008, 0x6008, 0x6000, 0x8118, 0x6128, 0x4150, 0x62A8, 0x83B0, 0x84B8, 0xC7A8, 0x90C2,
  0x75DC, 0x72D3, 0x50CA, 0x30CA, 0xB1C2, 0x73BB, 0xB4BB, 0x15B4, 0xB6B4, 0x18B5, 0x18B5, 0x59A5,
  0x9A9D, 0xBB8D, 0x9B7D, 0x3A6D, 0xF96C, 0x9764, 0x345C, 0x915B, 0xEE52, 0x8A52, 0x085A, 0xA661,
  0x6379, 0xA289, 0xE2A1, 0x01BA, 0x21CA, 0x61D2, 0xC2E2, 0xE3E2, 0xC2E2, 0xC3E2, 0xA2E2, 0x62DA,
  0x21DA, 0x02DA, 0x01DA, 0x01DA, 0xE1D9, 0xC1D9, 0x81D1, 0xA1D1, 0xA1D1, 0xA1D1, 0xE1D9, 0xC178,
  0x2008, 0x2000, 0x2000, 0x2000, 0x2000, 0x0000, 0x0000, 0x2000, 0x2000, 0x2000, 0x2100, 0x0200,
  0x6821, 0xB484, 0x9EDF, 0xFFFF, 0xBFEF, 0xDFEF, 0xDFF7, 0xDFF7, 0xBEEF, 0x0000, 0x0000, 0x0000,
  0x0000, 0x0000, 0x0000, 0x0000, 0x0000, 0x0000, 0x0000, 0x0000, 0x0000, 0x0000, 0x0000, 0x0000,
  0x0000, 0x0000, 0x0000, 0x0000, 0x0000, 0x0000, 0x0000, 0x0000, 0x0000, 0x0000, 0x0000, 0x0000,
  0x0000, 0x0000, 0x0000, 0x0000, 0x0000, 0x0000, 0x0000, 0x0000, 0x0000, 0x0000, 0x0000, 0x0000,
  0x0000, 0x0000, 0x0000, 0x0000, 0x0000, 0x0000, 0x81B8, 0x81C0, 0x61B8, 0x81B8, 0xC1C0, 0x01B9,
  0xC1C0, 0xC1C8, 0xC1D0, 0xC1D0, 0xA1D0, 0xA1D0, 0xA1D0, 0xA1D0, 0xA0D0, 0x80D0, 0x81D0, 0xA1D0,
  0x81C8, 0xA0C8, 0xC0C8, 0xC0C8, 0xC1D0, 0xC1D0, 0xA1C8, 0xA1D0, 0xA1C8, 0xA1C0, 0xA1C0, 0xA1C0,
  0xA1B8, 0xA1B8, 0xC1C0, 0xC1C0, 0xE1C0, 0x01C9, 0x21D1, 0x21D1, 0x01C9, 0xC0C0, 0x80B0, 0x80A0,
  0x8198, 0xA288, 0x2581, 0xA771, 0x6A7A, 0x8E8B, 0x929C, 0x55B5, 0x38C6, 0x9AD6, 0x7ADE, 0x3AE6,
  0x58E5, 0xF4E3, 0xD1DA, 0x0DD2, 0x6BC9, 0x2AC9, 0x2AC9, 0x6BC1, 0x8BC1, 0xA4B8, 0x43A8, 0xA6B8,
  0x2BC1, 0xA5A8, 0x2080, 0x2020, 0x2030, 0x2040, 0x2168, 0x2150, 0x2038, 0x2158, 0x21A0, 0x21A8,
  0x01A8, 0x21B0, 0x42B0, 0x21B0, 0x21B0, 0x21B0, 0x21A8, 0x21A8, 0x21B0, 0x21B0, 0x21A8, 0x21A8,
  0x21A0, 0x41A0, 0x21A0, 0x2090, 0x2190, 0x2198, 0x2070, 0x2058, 0x2060, 0x2160, 0x2058, 0x2150,
  0x2018, 0x2058, 0x2040, 0x2048, 0x2068, 0x2070, 0x2190, 0x45C0, 0x2BC9, 0x4CC9, 0x2BC1, 0x2BC1,
  0x4CC1, 0xAEC1, 0xD2C2, 0x93BB, 0x92B3, 0x719B, 0x9183, 0x9073, 0x2E63, 0xCC5A, 0x295A, 0x8659,
  0x2461, 0xA268, 0x6078, 0x2088, 0x4098, 0x40A0, 0x60B0, 0x60B8, 0x80C0, 0x81C0, 0x61C0, 0x61B8,
  0x41B8, 0x41B8, 0x20B0, 0x20B8, 0x21B0, 0x41B0, 0x21B8, 0x20B8, 0x20B8, 0x20B8, 0x20B8, 0x40B8,
  0x20B8, 0x21B0, 0x01B0, 0x20B0, 0x00A8, 0x00A8, 0x00A8, 0x40B8, 0x2180, 0x2018, 0x2000, 0x0000,
  0x0000, 0x2000, 0x4108, 0x2000, 0x0000, 0x0000, 0xA731, 0xD48C, 0x7EDF, 0xFFF7, 0xDFF7, 0xBFEF,
  0xDFF7, 0xDFF7, 0xDFF7, 0xDFF7, 0xBEEF, 0x0000, 0x0000, 0x0000, 0x0000, 0x0000, 0x0000, 0x0000,
  0x0000, 0x0000, 0x0000, 0x0000, 0x0000, 0x0000, 0x0000, 0x0000, 0x0000, 0x0000, 0x0000, 0x0000,
  0x0000, 0x0000, 0x0000, 0x0000, 0x0000, 0x0000, 0x0000, 0x0000, 0x0000, 0x0000, 0x0000, 0x0000,
  0x0000, 0x0000, 0x0000, 0x0000, 0x0000, 0x0000, 0x0000, 0x0000, 0x0000, 0x0000, 0x0000, 0x0000,
  0x0000, 0x0000, 0x6150, 0x4160, 0x2058, 0x2058, 0x2158, 0x4158, 0x4160, 0x4160, 0x2060, 0x2060,
  0x2060, 0x2060, 0x2060, 0x0060, 0x2060, 0x0058, 0x0158, 0x2160, 0x2058, 0x2058, 0x2058, 0x4160,
  0x4160, 0x2158, 0x2158, 0x0158, 0x0150, 0x2150, 0x2150, 0x4150, 0x4150, 0x4148, 0x6250, 0x4150,
  0x4148, 0x4148, 0x2148, 0x2248, 0x2248, 0x2140, 0x2148, 0x4248, 0x4248, 0x2248, 0x0248, 0x0140,
  0x0140, 0x0130, 0x0128, 0x4220, 0xA418, 0x4621, 0x093A, 0xAB5A, 0x2D73, 0x0E93, 0x6CA2, 0xAAB1,
  0x28B9, 0x09C9, 0x2AD1, 0xE8D0, 0xA7C0, 0x63B8, 0x2098, 0x4178, 0x8478, 0x4278, 0x21A0, 0x2170,
  0x2060, 0x2090, 0x2090, 0x00A0, 0x21A8, 0x21B0, 0x21B0, 0x21B0, 0x21B0, 0x43B8, 0xA5C0, 0x83C0,
  0x62B8, 0x42B8, 0x22B8, 0x41B0, 0x41B0, 0x42B8, 0x41B0, 0x21A8, 0x41A8, 0x41A0, 0x21A0, 0x21A0,
  0x82A8, 0x4198, 0x4078, 0x2188, 0x2098, 0x2198, 0x20A0, 0x4168, 0x4140, 0x2090, 0x2190, 0x4170,
  0x2170, 0x4190, 0x4190, 0x4188, 0xE8C0, 0xEFC9, 0x4AC1, 0xE8C0, 0xC688, 0xC560, 0x2651, 0x0539,
  0xC428, 0xA518, 0x8510, 0x6400, 0x2200, 0x2210, 0x2318, 0x4320, 0x4328, 0x2320, 0x4420, 0x4420,
  0x4318, 0x2318, 0x4218, 0x2218, 0x2218, 0x2218, 0x2218, 0x4218, 0x4318, 0x4318, 0x4318, 0x2318,
  0x4420, 0x4318, 0x4320, 0x2218, 0x2218, 0x2220, 0x2220, 0x4220, 0x2118, 0x2120, 0x2120, 0x2120,
  0x2120, 0x2120, 0x2120, 0x0018, 0x2128, 0x2118, 0x2000, 0x2000, 0x0000, 0x0000, 0x0000, 0xA210,
  0xCC4A, 0x97A5, 0x9FE7, 0xFFF7, 0xDFEF, 0x9FEF, 0xBFF7, 0xDFF7, 0xDFF7, 0xDFF7, 0xDFF7, 0xFFF7,
  0xBEF7, 0x0000, 0x0000, 0x0000, 0x0000, 0x0000, 0x0000, 0x0000, 0x0000, 0x0000, 0x0000, 0x0000,
  0x0000, 0x0000, 0x0000, 0x0000, 0x0000, 0x0000, 0x0000, 0x0000, 0x0000, 0x0000, 0x0000, 0x0000,
  0x0000, 0x0000, 0x0000, 0x0000, 0x0000, 0x0000, 0x0000, 0x0000, 0x0000, 0x0000, 0x0000, 0x0000,
  0x0000, 0x0000, 0x0000, 0x0000, 0x0000, 0x0000, 0x0000, 0x0000, 0x0000, 0x0000, 0x4200, 0x6200,
  0x2200, 0x4100, 0x4200, 0x4200, 0x6200, 0x6300, 0x6300, 0x4300, 0x4400, 0x4400, 0x4400, 0x4400,
  0x4400, 0x4400, 0x6500, 0x6500, 0x6600, 0x6700, 0x6700, 0x8800, 0x8800, 0x8700, 0x6700, 0x4700,
  0x6700, 0x8800, 0xA800, 0x8800, 0x8700, 0xA800, 0xA800, 0xA700, 0x8700, 0x8700, 0x6700, 0x6800,
  0x6700, 0x6700, 0x6700, 0x6700, 0x6700, 0x6800, 0x6800, 0x8800, 0x8900, 0xA900, 0xA900, 0x8908,
  0x4800, 0x4700, 0x2700, 0x2600, 0x2400, 0x4500, 0x4500, 0x4310, 0x8420, 0xA740, 0x2971, 0xE790,
  0x63A0, 0x4188, 0x2068, 0x2078, 0x0078, 0x2090, 0x2098, 0x20A0, 0x2150, 0x2180, 0x00A8, 0x20A8,
  0x01B0, 0x21A8, 0x21B0, 0x21B8, 0x21B8, 0x84C0, 0x08C9, 0x07C9, 0xA4C8, 0x63C0, 0x42C0, 0x21B8,
  0x22B0, 0x21B0, 0x21B0, 0x21B0, 0x21A8, 0x21A8, 0x21A8, 0x41B0, 0x62B0, 0x21A0, 0x4188, 0x2198,
  0x21A8, 0x21A0, 0x2198, 0x4138, 0x4178, 0x21A0, 0x21A8, 0x21B0, 0x21A8, 0x21A8, 0x21A0, 0x2070,
  0x6398, 0x4B91, 0x2A51, 0xA440, 0x6210, 0x4200, 0x6300, 0x6500, 0x8700, 0x8900, 0xA908, 0xA908,
  0xAA08, 0xAA00, 0xAA00, 0xAA00, 0x8A00, 0x8900, 0x8900, 0x6900, 0x6900, 0x6900, 0x6900, 0x8900,
  0x8900, 0x6900, 0x6900, 0x8A00, 0x8A00, 0x8A00, 0x8A00, 0x8A00, 0x8A00, 0x8900, 0x8800, 0x6800,
  0x6700, 0x4700, 0x4600, 0x6500, 0x4400, 0x2400, 0x2300, 0x4300, 0x2300, 0x2300, 0x2300, 0x0200,
  0x4200, 0x4200, 0x2208, 0x2108, 0x2108, 0x4A42, 0x927C, 0x9ABE, 0xDFE7, 0xFFEF, 0x9EEF, 0x9EE7,
  0xBFEF, 0xDFF7, 0xDFF7, 0xDFF7, 0xDFF7, 0xDFF7, 0xDFF7, 0xDFFF, 0xBEF7, 0x0000, 0x0000, 0x0000,
  0x0000, 0x0000, 0x0000, 0x0000, 0x0000, 0x0000, 0x0000, 0x0000, 0x0000, 0x0000, 0x0000, 0x0000,
  0x0000, 0x0000, 0x0000, 0x0000, 0x0000, 0x0000, 0x0000, 0x0000, 0x0000, 0x0000, 0x0000, 0x0000,
  0x0000, 0x0000, 0x0000, 0x0000, 0x0000, 0x0000, 0x0000, 0x0000, 0x0000, 0x0000, 0x0000, 0x0000,
  0x0000, 0x0000, 0x0000, 0x0000, 0x0000, 0x0000, 0x4308, 0x2308, 0x4308, 0x4208, 0x4308, 0x4308,
  0x4308, 0x4508, 0x4408, 0x4408, 0x4508, 0x4608, 0x4608, 0x4608, 0x4600, 0x4600, 0x4708, 0x6708,
  0x4708, 0x6808, 0x6808, 0x8808, 0x8808, 0x8808, 0x6800, 0x8908, 0x8908, 0xA908, 0xA908, 0x6908,
  0x6800, 0x8808, 0x6808, 0x8808, 0x8808, 0x8808, 0x6900, 0x6900, 0x6800, 0x6800, 0x6900, 0x8908,
  0x8800, 0x6800, 0x6800, 0x6900, 0x6900, 0x6900, 0x6900, 0x6900, 0x8908, 0x8908, 0x8808, 0x8800,
  0x6808, 0x4800, 0x4800, 0x4600, 0x6700, 0xED08, 0xEB00, 0x8638, 0x4188, 0x0060, 0x2078, 0x2198,
  0x20A0, 0x00A0, 0x00A8, 0x00B8, 0x2088, 0x2158, 0x21B0, 0x21B0, 0x21C0, 0x01B8, 0x01B0, 0x42B8,
  0x21C0, 0x63C0, 0x08C9, 0xACD1, 0x29D1, 0xA4C8, 0x63C8, 0x22B8, 0x22B8, 0x21B8, 0x21B8, 0x21B8,
  0x21B8, 0x42B8, 0x42B8, 0x21B8, 0x01B8, 0x2098, 0x2098, 0x01B0, 0x21B0, 0x20B8, 0x2070, 0x2058,
  0x00A8, 0x00A8, 0x00B0, 0x00A8, 0x00A8, 0x00A0, 0x01A8, 0x0198, 0x2180, 0x8668, 0xCB00, 0x8A00,
  0x8808, 0x6808, 0x6808, 0x6808, 0x6808, 0x8808, 0x8808, 0x6808, 0x8900, 0x6900, 0x8900, 0x6900,
  0x6A00, 0x6A00, 0x6A00, 0x6900, 0x6A00, 0x6A00, 0x6A00, 0x8A00, 0xAA08, 0x8A08, 0x8A00, 0x8A08,
  0x8A08, 0x6A08, 0x6A08, 0x6A08, 0x8A08, 0x8908, 0x6900, 0x6900, 0x4800, 0x4708, 0x4600, 0x4500,
  0x2400, 0x2408, 0x2300, 0x2308, 0x2308, 0x2200, 0x0200, 0x0200, 0x2200, 0x2108, 0x2108, 0x2108,
  0x2200, 0xAF6B, 0xBFDF, 0xFFE7, 0x5DD7, 0x7DDF, 0x9EE7, 0xBFEF, 0xDFEF, 0xDFF7, 0xDFF7, 0xDFF7,
  0xDFF7, 0xDFF7, 0xDFF7, 0xDFF7, 0xDFF7, 0x0000, 0x0000, 0x0000, 0x0000, 0x0000, 0x0000, 0x0000,
  0x0000, 0x0000, 0x0000, 0x0000, 0x0000, 0x0000, 0x0000, 0x0000, 0x0000, 0x0000, 0x0000, 0x0000,
  0x0000, 0x0000, 0x0000, 0x0000, 0x0000, 0x0000, 0x0000, 0x0000, 0x0000, 0x0000, 0x0000, 0x0000,
  0x0000, 0x0000, 0x0000, 0x0000, 0x0000, 0x0000, 0x0000, 0x0000, 0x0000, 0x0000, 0x0000, 0x0000,
  0x0000, 0x0000, 0x2208, 0x4208, 0x4208, 0x2208, 0x4208, 0x4208, 0x4208, 0x4308, 0x2300, 0x2300,
  0x4400, 0x2400, 0x2400, 0x2400, 0x2400, 0x2400, 0x2500, 0x4500, 0x4500, 0x4600, 0x4600, 0x4700,
  0x4700, 0x4700, 0x4700, 0x6800, 0x6800, 0x6800, 0x6700, 0x6808, 0x6808, 0x6708, 0x6808, 0x6808,
  0x6808, 0x6900, 0x6800, 0x6800, 0x6800, 0x6800, 0x6800, 0x8900, 0x6800, 0x6800, 0x6800, 0x6800,
  0x8900, 0x8900, 0x6900, 0x6900, 0x6800, 0x6800, 0x4800, 0x6800, 0x6900, 0x4800, 0x6900, 0x6900,
  0xAB08, 0xD121, 0x6D29, 0x4568, 0x2170, 0x0178, 0x2198, 0x21A0, 0x01A8, 0x01B0, 0x00A8, 0x21B0,
  0x21C0, 0x2168, 0x2188, 0x21C0, 0x22C0, 0x42C0, 0x21B8, 0x42C0, 0x62C8, 0x42C0, 0xC6D0, 0x0EDA,
  0x4FDA, 0x08D1, 0x84D0, 0x62C8, 0x22C0, 0x21C0, 0x22C0, 0x22C8, 0x22C8, 0x63C8, 0x62C0, 0x21C0,
  0x21B0, 0x00A0, 0x01A8, 0x21B8, 0x01B8, 0x21A0, 0x2150, 0x21A0, 0x21B8, 0x20B8, 0x00A8, 0x01A8,
  0x01B0, 0x00A8, 0x00B0, 0x01B0, 0x2198, 0x8680, 0x6E51, 0xEB20, 0x6808, 0x8708, 0x6700, 0x6800,
  0x4700, 0x6900, 0x6800, 0x6800, 0x6900, 0x6900, 0x8900, 0x6900, 0x6900, 0x8908, 0x6900, 0x6A00,
  0x6900, 0x6900, 0x6900, 0x6A00, 0x8A00, 0x8A08, 0x8A00, 0x8900, 0x8A08, 0x6A00, 0x8A00, 0x8A08,
  0x8A00, 0x8900, 0x6900, 0x6800, 0x6808, 0x6808, 0x4700, 0x2500, 0x2400, 0x0300, 0x2300, 0x2308,
  0x2308, 0x2208, 0x2100, 0x0100, 0x2100, 0x2100, 0x2108, 0x2100, 0x0100, 0x0000, 0x4621, 0x359D,
  0xDFE7, 0xFFEF, 0x9EE7, 0x9EE7, 0xBFEF, 0xDFEF, 0xDFF7, 0xDFF7, 0xDFF7, 0xDFF7, 0xDFF7, 0xFFF7,
  0xDFF7, 0x0000, 0x0000, 0x0000, 0x0000, 0x0000, 0x0000, 0x0000, 0x0000, 0x0000, 0x0000, 0x0000,
  0x0000, 0x0000, 0x0000, 0x0000, 0x0000, 0x0000, 0x0000, 0x0000, 0x0000, 0x0000, 0x0000, 0x0000,
  0x0000, 0x0000, 0x0000, 0x0000, 0x0000, 0x0000, 0x0000, 0x0000, 0x0000, 0x0000, 0x0000, 0x0000,
  0x0000, 0x0000, 0x0000, 0x0000, 0x0000, 0x0000, 0x0000, 0x0000, 0x0000, 0x0000, 0x2100, 0x4208,
  0x2108, 0x2100, 0x2100, 0x2100, 0x2100, 0x2100, 0x2208, 0x2200, 0x2200, 0x2200, 0x2200, 0x0200,
  0x2300, 0x2300, 0x2300, 0x2400, 0x2400, 0x2400, 0x2500, 0x2500, 0x2600, 0x4500, 0x6600, 0x4600,
  0x4700, 0x6700, 0x6708, 0x6708, 0x6700, 0x6700, 0x6700, 0x6700, 0x6700, 0x6800, 0x6800, 0x6900,
  0x6900, 0x6800, 0x6800, 0x6800, 0x6800, 0x6800, 0x6800, 0x6908, 0x8908, 0x6900, 0x6900, 0x6900,
  0x6900, 0x6900, 0x6900, 0x6808, 0x6810, 0x6618, 0x6620, 0x6528, 0xA638, 0x6951, 0x2749, 0x8458,
  0x0088, 0x20A0, 0x01A8, 0x21B0, 0x01B0, 0x21B8, 0x21B0, 0x01B0, 0x21B8, 0x21A8, 0x2160, 0x00B8,
  0x21B8, 0x43C8, 0x42C0, 0x22C0, 0xA4D0, 0x42C0, 0x84D0, 0xCCD9, 0x93E3, 0xD0DA, 0x49D9, 0xC5D8,
  0x84D0, 0x84D0, 0x84D0, 0x84D0, 0x85D0, 0xA5D0, 0x42C0, 0x21B8, 0x00A8, 0x21B0, 0x01B8, 0x21B0,
  0x01B8, 0x2168, 0x2180, 0x21B8, 0x22B8, 0x21B8, 0x00A8, 0x21B0, 0x01B0, 0x00B0, 0x01B0, 0x01B0,
  0x21B0, 0x8688, 0x0851, 0x8238, 0x4130, 0x2130, 0x4230, 0x4338, 0x2330, 0x4420, 0x4518, 0x4510,
  0x6708, 0x4800, 0x6800, 0x8900, 0x8A00, 0x8A00, 0x6B00, 0x6A00, 0x6A00, 0x6900, 0x6900, 0x8A08,
  0x8A08, 0x8A08, 0x8A00, 0x8A00, 0x8A08, 0x8A00, 0x8A00, 0x8A00, 0x8A00, 0x8900, 0x6800, 0x8800,
  0x6800, 0x6700, 0x6708, 0x4608, 0x4500, 0x0300, 0x0300, 0x2300, 0x2308, 0x2208, 0x2100, 0x2100,
  0x2100, 0x0100, 0x0100, 0x2100, 0x2108, 0x2108, 0x0000, 0x0000, 0x4942, 0xB7AD, 0xDFEF, 0xFFF7,
  0xDFEF, 0xBFEF, 0xBFEF, 0xDFF7, 0xDFF7, 0xDFF7, 0xFFF7, 0xFFF7, 0xDEF7, 0x0000, 0x0000, 0x0000,
  0x0000, 0x0000, 0x0000, 0x0000, 0x0000, 0x0000, 0x0000, 0x0000, 0x0000, 0x0000, 0x0000, 0x0000,
  0x0000, 0x0000, 0x0000, 0x0000, 0x0000, 0x0000, 0x0000, 0x0000, 0x0000, 0x0000, 0x0000, 0x0000,
  0x0000, 0x0000, 0x0000, 0x0000, 0x0000, 0x0000, 0x0000, 0x0000, 0x0000, 0x0000, 0x0000, 0x0000,
  0x0000, 0x0000, 0x0000, 0x0000, 0x0000, 0x0000, 0x2100, 0x2108, 0x2108, 0x2100, 0x0000, 0x0000,
  0x2100, 0x2108, 0x2100, 0x0100, 0x0100, 0x0100, 0x0100, 0x0100, 0x0100, 0x2200, 0x2200, 0x2200,
  0x0200, 0x2200, 0x2300, 0x2300, 0x2400, 0x2300, 0x6400, 0x6508, 0x6500, 0x6508, 0x6508, 0x6608,
  0x6608, 0x4608, 0x4600, 0x4600, 0x4700, 0x4700, 0x4700, 0x4800, 0x6808, 0x4800, 0x4800, 0x6900,
  0x6900, 0x6900, 0x6900, 0x6900, 0x6800, 0x6708, 0x4718, 0x4620, 0x4530, 0x4338, 0x2240, 0x4238,
  0x2138, 0x2028, 0x2020, 0x2010, 0x2010, 0x0100, 0x8310, 0xA378, 0x00A0, 0x01A8, 0x21B0, 0x21B8,
  0x01B0, 0x21B8, 0x42B8, 0x01B0, 0x01B0, 0x01C0, 0x0190, 0x2180, 0x21C8, 0x42C0, 0x63C8, 0x42C0,
  0xE6D0, 0x05D1, 0x63C8, 0x2AD9, 0x94E3, 0x96E4, 0x11E3, 0x0DDA, 0xABD9, 0x49D9, 0x08D9, 0xE7D0,
  0xC6D0, 0x63D0, 0x21C0, 0x01B0, 0x01B0, 0x01B8, 0x01B8, 0x21C0, 0x2190, 0x2168, 0x01C0, 0x01C0,
  0x01B8, 0x01B0, 0x21A8, 0x41B0, 0x00B0, 0x00B0, 0x01B8, 0x01B8, 0x21A8, 0xC7A8, 0xA748, 0x0000,
  0x2008, 0x2008, 0x2008, 0x2010, 0x2020, 0x2028, 0x2030, 0x2040, 0x2148, 0x4140, 0x4348, 0x4438,
  0x6528, 0x6620, 0x6810, 0x6908, 0x6A00, 0x8A00, 0x6A00, 0x8A00, 0x8A00, 0x6A00, 0x6A00, 0x6A00,
  0x8908, 0x8908, 0x6908, 0x6908, 0x6908, 0x6800, 0x6800, 0x6800, 0x8808, 0x6708, 0x6608, 0x6608,
  0x4500, 0x2400, 0x2200, 0x2308, 0x2208, 0x2200, 0x2100, 0x2100, 0x0100, 0x2108, 0x2108, 0x0100,
  0x2100, 0x0000, 0x2100, 0x4108, 0x0000, 0x0000, 0x083A, 0xF494, 0x3CD7, 0xFFF7, 0xFFF7, 0xFFF7,
  0xBFEF, 0x9FEF, 0xBFEF, 0xDFF7, 0xBFEF, 0x0000, 0x0000, 0x0000, 0x0000, 0x0000, 0x0000, 0x0000,
  0x0000, 0x0000, 0x0000, 0x0000, 0x0000, 0x0000, 0x0000, 0x0000, 0x0000, 0x0000, 0x0000, 0x0000,
  0x0000, 0x0000, 0x0000, 0x0000, 0x0000, 0x0000, 0x0000, 0x0000, 0x0000, 0x0000, 0x0000, 0x0000,
  0x0000, 0x0000, 0x0000, 0x0000, 0x0000, 0x0000, 0x0000, 0x0000, 0x0000, 0x0000, 0x0000, 0x0000,
  0x0000, 0x0000, 0x2100, 0x2108, 0x2008, 0x2000, 0x2000, 0x0000, 0x2000, 0x2000, 0x2000, 0x2100,
  0x2108, 0x2100, 0x0000, 0x0000, 0x0100, 0x0100, 0x0100, 0x0100, 0x0100, 0x0100, 0x2100, 0x0200,
  0x0200, 0x0200, 0x0200, 0x2200, 0x2300, 0x2300, 0x2300, 0x2300, 0x2308, 0x2408, 0x2408, 0x2500,
  0x4500, 0x2600, 0x2600, 0x4600, 0x4600, 0x4600, 0x4508, 0x4610, 0x4520, 0x4428, 0x4338, 0x2240,
  0x2248, 0x2140, 0x2038, 0x0030, 0x2028, 0x0018, 0x0010, 0x0008, 0x2000, 0x2000, 0x0000, 0x0000,
  0x0000, 0x2200, 0x8440, 0x41A8, 0x2198, 0x01A8, 0x21B0, 0x21B8, 0x01B0, 0x01B0, 0x21B8, 0x01B0,
  0x00A8, 0x01B0, 0x21B8, 0x2178, 0x21A0, 0x21C0, 0x43C8, 0x43C8, 0x63C8, 0x47D9, 0xA3D0, 0x86D0,
  0x2FDA, 0xB6E4, 0xF7E4, 0xF5E3, 0x12E3, 0x6FE2, 0xEED9, 0x4AD9, 0x84D0, 0x42C8, 0x22C0, 0x21B0,
  0x01B8, 0x02C0, 0x21C0, 0x21B0, 0x2160, 0x20A0, 0x21C0, 0x22C0, 0x21B0, 0x00A8, 0x21A8, 0x20B0,
  0x00B0, 0x01B0, 0x01B0, 0x22B0, 0x43A8, 0xC8A0, 0x8520, 0x0000, 0x2008, 0x4008, 0x4008, 0x2000,
  0x2000, 0x2000, 0x2000, 0x2000, 0x2008, 0x2010, 0x2018, 0x2028, 0x2038, 0x2048, 0x2050, 0x0158,
  0x2250, 0x4350, 0x4448, 0x4538, 0x4628, 0x4710, 0x6808, 0x6800, 0x8800, 0x8900, 0x6900, 0x6900,
  0x6700, 0x6708, 0x6708, 0x6708, 0x6708, 0x4600, 0x4500, 0x4508, 0x2400, 0x2300, 0x2208, 0x4308,
  0x2208, 0x0100, 0x2108, 0x0100, 0x0100, 0x0100, 0x2100, 0x0100, 0x0100, 0x2100, 0x0000, 0x0000,
  0x2108, 0x4108, 0x0000, 0x0000, 0x0521, 0x0C5B, 0x759D, 0x3CD7, 0xFFF7, 0xFFF7, 0xFFF7, 0xFFFF,
  0xDFF7, 0x0000, 0x0000, 0x0000, 0x0000, 0x0000, 0x0000, 0x0000, 0x0000, 0x0000, 0x0000, 0x0000,
  0x0000, 0x0000, 0x0000, 0x0000, 0x0000, 0x0000, 0x0000, 0x0000, 0x0000, 0x0000, 0x0000, 0x0000,
  0x0000, 0x0000, 0x0000, 0x0000, 0x0000, 0x0000, 0x0000, 0x0000, 0x0000, 0x0000, 0x0000, 0x0000,
  0x0000, 0x0000, 0x0000, 0x0000, 0x0000, 0x0000, 0x0000, 0x0000, 0x0000, 0x0000, 0x2108, 0x2000,
  0x0008, 0x2000, 0x0000, 0x2000, 0x2000, 0x0000, 0x0000, 0x4008, 0x2008, 0x0000, 0x2000, 0x2000,
  0x2100, 0x2100, 0x0100, 0x0100, 0x0000, 0x0100, 0x0100, 0x0100, 0x0100, 0x0100, 0x0100, 0x0200,
  0x0100, 0x0200, 0x2200, 0x2200, 0x2200, 0x2200, 0x2200, 0x2300, 0x2310, 0x2318, 0x2228, 0x2238,
  0x2148, 0x2150, 0x4150, 0x2050, 0x2048, 0x2038, 0x2028, 0x2018, 0x0008, 0x0000, 0x0000, 0x0000,
  0x0000, 0x0000, 0x0000, 0x0000, 0x0000, 0x0008, 0x0008, 0x0000, 0x0000, 0x6408, 0xE840, 0x83A0,
  0x21A0, 0x21A0, 0x01B0, 0x01B0, 0x01B8, 0x21B0, 0x21B8, 0x21B0, 0x20A8, 0x01A8, 0x01B0, 0x20A8,
  0x2180, 0x21B8, 0x42C0, 0x42C8, 0x42C8, 0x84D0, 0xE4D8, 0x83D0, 0x28D9, 0x53E3, 0x17ED, 0x58ED,
  0xB6E4, 0xB3E3, 0x6FE2, 0xE6D0, 0x42C8, 0x21C0, 0x21B0, 0x21B0, 0x21B8, 0x21B8, 0x21B8, 0x2188,
  0x2190, 0x21B0, 0x21B8, 0x01B0, 0x20A8, 0x00A8, 0x21B0, 0x01B0, 0x01B0, 0x21B8, 0x21B8, 0x42B0,
  0x66A8, 0xCD81, 0x4849, 0x0010, 0x2008, 0x4008, 0x4008, 0x4008, 0x4008, 0x4008, 0x4008, 0x2008,
  0x2008, 0x2008, 0x0000, 0x0000, 0x2000, 0x2000, 0x2000, 0x2008, 0x2018, 0x2028, 0x2038, 0x4048,
  0x2058, 0x4160, 0x4168, 0x4160, 0x4258, 0x4348, 0x6430, 0x6420, 0x4410, 0x6408, 0x6500, 0x6500,
  0x6500, 0x6500, 0x4500, 0x4300, 0x2308, 0x2208, 0x4208, 0x4208, 0x4208, 0x4108, 0x4210, 0x4108,
  0x2108, 0x2008, 0x2000, 0x0000, 0x0000, 0x0000, 0x0000, 0x0000, 0x2008, 0x4108, 0x4110, 0x4110,
  0x0108, 0x0000, 0x0000, 0xE318, 0x694A, 0x5184, 0x75A5, 0x59C6, 0xFBD6, 0x0000, 0x0000, 0x0000,
  0x0000, 0x0000, 0x0000, 0x0000, 0x0000, 0x0000, 0x0000, 0x0000, 0x0000, 0x0000, 0x0000, 0x0000,
  0x0000, 0x0000, 0x0000, 0x0000, 0x0000, 0x0000, 0x0000, 0x0000, 0x0000, 0x0000, 0x0000, 0x0000,
  0x0000, 0x0000, 0x0000, 0x0000, 0x0000, 0x0000, 0x0000, 0x0000, 0x0000, 0x0000, 0x0000, 0x0000,
  0x0000, 0x0000, 0x0000, 0x0000, 0x0000, 0x0000, 0x4008, 0x2000, 0x2008, 0x4108, 0x0000, 0x2008,
  0x2008, 0x0000, 0x0000, 0x2008, 0x2108, 0x2000, 0x2000, 0x2000, 0x2000, 0x2000, 0x2008, 0x2008,
  0x2000, 0x0000, 0x0000, 0x2000, 0x2100, 0x2100, 0x2100, 0x2100, 0x0100, 0x2108, 0x2218, 0x4128,
  0x2138, 0x4148, 0x4158, 0x4168, 0x6168, 0x4160, 0x4150, 0x2138, 0x2128, 0x0110, 0x0108, 0x0100,
  0x0100, 0x0100, 0x2100, 0x2000, 0x0000, 0x0000, 0x0000, 0x0008, 0x0008, 0x0000, 0x0008, 0x0008,
  0x0000, 0x0000, 0x0008, 0x2008, 0x2010, 0x6B59, 0x918A, 0xE590, 0x21A0, 0x21A0, 0x21A8, 0x21B0,
  0x22B8, 0x21B0, 0x21B0, 0x21B0, 0x21A8, 0x21A8, 0x00A8, 0x20B0, 0x21A0, 0x22A0, 0x21C0, 0x42C0,
  0x42C8, 0x42C8, 0x83D0, 0x83D0, 0xA5D8, 0x6AE1, 0xF0E2, 0x14E4, 0x55E4, 0x30E3, 0x48D9, 0x42C8,
  0x22C0, 0x21B8, 0x01B0, 0x21B0, 0x21B8, 0x01C0, 0x21A0, 0x2188, 0x21A8, 0x62A8, 0x41A8, 0x00A8,
  0x00A8, 0x00A8, 0x21A8, 0x21B0, 0x21B0, 0x21B8, 0x22B0, 0x44A0, 0x6CA1, 0xF18A, 0x0661, 0x2018,
  0x4008, 0x4010, 0x4008, 0x4008, 0x4008, 0x4008, 0x4008, 0x2008, 0x2008, 0x0008, 0x0008, 0x0008,
  0x2008, 0x2008, 0x2008, 0x2008, 0x2000, 0x0000, 0x2000, 0x2000, 0x2100, 0x2008, 0x2010, 0x4120,
  0x4030, 0x2048, 0x4158, 0x4160, 0x4170, 0x4178, 0x4170, 0x4268, 0x4258, 0x4240, 0x4230, 0x4218,
  0x4108, 0x6200, 0x6200, 0xA308, 0xA208, 0x8208, 0x6210, 0x6110, 0x6110, 0x6110, 0x4008, 0x0008,
  0x2008, 0x2008, 0x2008, 0x2008, 0x2008, 0x4110, 0x6110, 0x4110, 0x4108, 0x6110, 0x4110, 0x0008,
  0x0000, 0x0000, 0x0000, 0xA210, 0xA210, 0x0000, 0x0000, 0x0000, 0x0000, 0x0000, 0x0000, 0x0000,
  0x0000, 0x0000, 0x0000, 0x0000, 0x0000, 0x0000, 0x0000, 0x0000, 0x0000, 0x0000, 0x0000, 0x0000,
  0x0000, 0x0000, 0x0000, 0x0000, 0x0000, 0x0000, 0x0000, 0x0000, 0x0000, 0x0000, 0x0000, 0x0000,
  0x0000, 0x0000, 0x0000, 0x0000, 0x0000, 0x0000, 0x0000, 0x0000, 0x0000, 0x0000, 0x0000, 0x0000,
  0x0000, 0x0000, 0x6108, 0x8210, 0x6108, 0x6108, 0x2000, 0x2000, 0x2008, 0x0008, 0x0000, 0x4108,
  0x2108, 0x2108, 0x2008, 0x2008, 0x2000, 0x2000, 0x2000, 0x4000, 0x2000, 0x2100, 0x2108, 0x2110,
  0x2128, 0x2138, 0x2050, 0x2060, 0x2068, 0x4078, 0x4178, 0x4168, 0x4258, 0x6240, 0x4330, 0x4318,
  0x6308, 0x4300, 0x4200, 0x2100, 0x0100, 0x0000, 0x0000, 0x0000, 0x0000, 0x0000, 0x0000, 0x0000,
  0x0000, 0x0000, 0x0000, 0x0000, 0x0000, 0x0008, 0x2008, 0x2008, 0x2008, 0x2008, 0x2008, 0x2010,
  0x4120, 0x0751, 0xF292, 0x4C92, 0xA390, 0x6188, 0x41A8, 0x62A8, 0x41A8, 0x41B0, 0x21B0, 0x21B0,
  0x21A8, 0x21A8, 0x01A8, 0x21B0, 0x21B0, 0x21B0, 0x21B8, 0x41C0, 0x21C0, 0x21C8, 0x42C8, 0x62C8,
  0x62C8, 0xA3D8, 0xC5D8, 0x27D9, 0x48D9, 0xE4D0, 0x62C8, 0x21C0, 0x21B8, 0x21B8, 0x21B8, 0x21B8,
  0x21B8, 0x21A8, 0x4198, 0x20A8, 0x20A8, 0x41A0, 0x41A0, 0x01A8, 0x01A8, 0x01A8, 0x01B0, 0x21B0,
  0x01B0, 0x22B8, 0x43A0, 0x0999, 0x13A3, 0x2C82, 0x0028, 0x2010, 0x4010, 0x4010, 0x4008, 0x2008,
  0x2008, 0x2008, 0x2008, 0x0008, 0x0008, 0x0008, 0x0008, 0x0008, 0x0008, 0x0008, 0x0008, 0x0008,
  0x0008, 0x0008, 0x2008, 0x0008, 0x0008, 0x2008, 0x0000, 0x2000, 0x2000, 0x2100, 0x4100, 0x4100,
  0x4208, 0x4120, 0x4130, 0x4140, 0x4158, 0x2170, 0x4178, 0x4188, 0x4180, 0x4178, 0x8160, 0xA258,
  0xC240, 0x8230, 0x8118, 0x6110, 0x6108, 0x6108, 0x6100, 0x4100, 0x4108, 0x2008, 0x4108, 0x4108,
  0x2108, 0x6110, 0x8218, 0x8110, 0x8110, 0x6110, 0x6110, 0x6110, 0x4110, 0x4110, 0x8210, 0xE318,
  0x6108, 0x0000, 0x0000, 0x0000, 0x0000, 0x0000, 0x0000, 0x0000, 0x0000, 0x0000, 0x0000, 0x0000,
  0x0000, 0x0000, 0x0000, 0x0000, 0x0000, 0x0000, 0x0000, 0x0000, 0x0000, 0x0000, 0x0000, 0x0000,
  0x0000, 0x0000, 0x0000, 0x0000, 0x0000, 0x0000, 0x0000, 0x0000, 0x0000, 0x0000, 0x0000, 0x0000,
  0x0000, 0x0000, 0x0000, 0x0000, 0x0000, 0x0000, 0x0000, 0x0000, 0x0000, 0x0000, 0x6110, 0x8110,
  0x8210, 0x6110, 0x6110, 0x6108, 0x2008, 0x2000, 0x2000, 0x4000, 0x0000, 0x2000, 0x0000, 0x2000,
  0x2010, 0x2020, 0x4138, 0x4048, 0x2160, 0x4070, 0x4080, 0x2090, 0x2088, 0x2178, 0x4260, 0x4348,
  0x6430, 0x8618, 0x8708, 0x8600, 0x6500, 0x4500, 0x4400, 0x2300, 0x2300, 0x2200, 0x0200, 0x2100,
  0x0108, 0x0000, 0x0000, 0x0000, 0x0000, 0x0000, 0x0000, 0x0000, 0x0000, 0x0008, 0x0008, 0x2008,
  0x2008, 0x2008, 0x4008, 0x4008, 0x6010, 0x6010, 0x6010, 0x8010, 0xA120, 0xE330, 0x0B6A, 0x109B,
  0xC891, 0xC278, 0x2190, 0x20A0, 0x21A0, 0x21B0, 0x21B0, 0x01B0, 0x01B0, 0x01B0, 0x00A8, 0x20A8,
  0x00A8, 0x01B8, 0x21B8, 0x01B8, 0x00B8, 0x01C0, 0x21C0, 0x20C0, 0x21C0, 0x21C8, 0x21C8, 0x41C8,
  0x42C8, 0x41C0, 0x21B8, 0x01B8, 0x01B8, 0x01B0, 0x21B8, 0x01B0, 0x21A8, 0x20A0, 0x00A8, 0x00B0,
  0x00A0, 0x00A0, 0x00A0, 0x00A8, 0x00A8, 0x00B0, 0x01B0, 0x01B0, 0x21B0, 0x22B0, 0x8688, 0x92AA,
  0xF0AA, 0x8248, 0x2010, 0x2008, 0x4008, 0x2008, 0x4008, 0x2008, 0x2008, 0x2008, 0x2008, 0x2008,
  0x2008, 0x2008, 0x0008, 0x0000, 0x2008, 0x2008, 0x2008, 0x2008, 0x2108, 0x2108, 0x2008, 0x2108,
  0x2008, 0x2108, 0x4108, 0x2108, 0x0108, 0x2108, 0x2108, 0x2108, 0x2108, 0x4208, 0x6200, 0x6200,
  0x4200, 0x6200, 0x8308, 0x8310, 0x8328, 0x6240, 0x8250, 0xC268, 0x8278, 0x8180, 0x8180, 0x6180,
  0x6170, 0x6158, 0x6148, 0x4130, 0x4120, 0x4018, 0x4108, 0x2000, 0x4000, 0x6100, 0x6108, 0xA210,
  0xC210, 0xA110, 0x8110, 0x8110, 0x6110, 0x8110, 0xA218, 0xE320, 0x8110, 0x0000, 0x0000, 0x0000,
  0x0000, 0x0000, 0x0000, 0x0000, 0x0000, 0x0000, 0x0000, 0x0000, 0x0000, 0x0000, 0x0000, 0x0000,
  0x0000, 0x0000, 0x0000, 0x0000, 0x0000, 0x0000, 0x0000, 0x0000, 0x0000, 0x0000, 0x0000, 0x0000,
  0x0000, 0x0000, 0x0000, 0x0000, 0x0000, 0x0000, 0x0000, 0x0000, 0x0000, 0x0000, 0x0000, 0x0000,
  0x0000, 0x0000, 0x0000, 0x0000, 0x0000, 0x0000, 0x6108, 0x8108, 0x8108, 0x8108, 0xC110, 0xA108,
  0x4000, 0x4008, 0x6118, 0x4030, 0x4140, 0x0158, 0x2070, 0x2080, 0x2090, 0x2190, 0x4288, 0x4170,
  0x6360, 0x8450, 0x6530, 0xA618, 0x8808, 0xA800, 0x8800, 0x8800, 0x8800, 0x8800, 0x8700, 0x6608,
  0x4508, 0x4408, 0x2308, 0x2300, 0x2200, 0x2200, 0x2200, 0x2108, 0x2100, 0x2100, 0x2108, 0x2008,
  0x0008, 0x0008, 0x2008, 0x4108, 0x4110, 0x6110, 0x6010, 0x6110, 0x4008, 0x2008, 0x4008, 0x6010,
  0x8010, 0x8010, 0xA118, 0xA110, 0xA118, 0xA120, 0xC330, 0x4761, 0x4559, 0xC278, 0x8160, 0x41A0,
  0x21A0, 0x01A8, 0x01B0, 0x22B8, 0x22B8, 0x22B8, 0x22B8, 0x22B0, 0x42B0, 0x42B0, 0x43B8, 0x43B8,
  0x43C0, 0x43C0, 0x42C0, 0x42C0, 0x63C0, 0x63C0, 0x43C0, 0x63C0, 0x43C0, 0x63B8, 0x42B0, 0x22B8,
  0x22B8, 0x22B8, 0x22B8, 0x22B0, 0x21A8, 0x21A8, 0x21B0, 0x01A8, 0x21A8, 0x21A0, 0x21A8, 0x21A0,
  0x20A0, 0x00A0, 0x00A0, 0x21A0, 0x21B0, 0x2280, 0xE890, 0xAB51, 0xC438, 0x2018, 0x6010, 0x6118,
  0x6010, 0x6010, 0x6010, 0x6010, 0x6110, 0x4008, 0x2008, 0x4008, 0x8110, 0x6110, 0x4108, 0x4110,
  0x4008, 0x4008, 0x2008, 0x2008, 0x2108, 0x2108, 0x2008, 0x2108, 0x4108, 0x4108, 0x4110, 0x4108,
  0x2108, 0x4208, 0x4108, 0x2100, 0x2108, 0x4208, 0x4208, 0x4208, 0x6310, 0x6310, 0x8308, 0x8408,
  0xA408, 0xA408, 0xA408, 0xC508, 0xA510, 0xA418, 0xA320, 0x8230, 0x8248, 0x8260, 0x6170, 0x4178,
  0x4180, 0x4180, 0x2178, 0x4168, 0x6150, 0x4148, 0x8138, 0x8128, 0x6118, 0x8110, 0x8108, 0xA108,
  0xA108, 0xC210, 0xE318, 0xC210, 0x4000, 0x0000, 0x0000, 0x0000, 0x0000, 0x0000, 0x0000, 0x0000,
  0x0000, 0x0000, 0x0000, 0x0000, 0x0000, 0x0000, 0x0000, 0x0000, 0x0000, 0x0000, 0x0000, 0x0000,
  0x0000, 0x0000, 0x0000, 0x0000, 0x0000, 0x0000, 0x0000, 0x0000, 0x0000, 0x0000, 0x0000, 0x0000,
  0x0000, 0x0000, 0x0000, 0x0000, 0x0000, 0x0000, 0x0000, 0x0000, 0x0000, 0x0000, 0x0000, 0x0000,
  0x0000, 0x0000, 0xA110, 0x6118, 0x8128, 0x8138, 0xA250, 0xA268, 0x6178, 0x8290, 0x6198, 0x6198,
  0xA190, 0x8280, 0x6268, 0x6348, 0x6428, 0x8618, 0xC708, 0xE800, 0x0901, 0x0A09, 0xEA08, 0xC908,
  0xA908, 0x8808, 0xA810, 0x8608, 0x8608, 0x6608, 0x6608, 0x8608, 0x6608, 0x6408, 0x4308, 0x4308,
  0x6308, 0x6208, 0x6208, 0x4208, 0x4108, 0x2108, 0x2108, 0x2108, 0x4108, 0x6108, 0x6108, 0x8110,
  0x8110, 0x8110, 0x8110, 0x8110, 0x4008, 0x2008, 0x2008, 0x4008, 0x6010, 0x6010, 0x6010, 0x6008,
  0x6010, 0x6010, 0x4018, 0x2010, 0x2000, 0x6268, 0x8280, 0x6148, 0x01A0, 0x21A0, 0x42A8, 0x42B0,
  0x83B8, 0xA4C0, 0xA5C8, 0xA4C0, 0xA4C0, 0xA4C0, 0xA4C8, 0xC5C8, 0x05D1, 0xE5C8, 0xE5C8, 0xE5D0,
  0x05C9, 0x06D1, 0x05C9, 0xC5C8, 0xC5C8, 0xE6C8, 0x06C9, 0xE6C0, 0xC5C8, 0xE5C0, 0x06C1, 0xE6C0,
  0xE6C0, 0xC4C0, 0x84C0, 0x63B8, 0x82B8, 0x83B0, 0x42B0, 0x42A8, 0x4190, 0x4198, 0x2198, 0x21A0,
  0x2188, 0x4170, 0x6290, 0x2008, 0x2008, 0x4010, 0xE220, 0x4339, 0x0229, 0xE220, 0x0229, 0xE220,
  0xE220, 0xA218, 0xA120, 0xA118, 0x2329, 0xA539, 0x8539, 0x6531, 0x6010, 0x4008, 0x6110, 0x4008,
  0x4108, 0x4108, 0x4110, 0x4110, 0x4108, 0x6110, 0x6210, 0x4208, 0x4208, 0x6208, 0x6208, 0x4208,
  0x4208, 0x4208, 0x6208, 0x6208, 0x8310, 0x6310, 0x8410, 0x8310, 0x8310, 0x8410, 0xA410, 0xA410,
  0xA510, 0x8510, 0xA508, 0x8500, 0xA500, 0xA508, 0x8500, 0x8408, 0x8210, 0x6220, 0x6238, 0x8250,
  0x8260, 0x6170, 0x8188, 0x6188, 0x6188, 0x6288, 0x8280, 0xC270, 0xC360, 0x8248, 0xC240, 0xC248,
  0x8138, 0x0000, 0x0000, 0x0000, 0x0000, 0x0000, 0x0000, 0x0000, 0x0000, 0x0000, 0x0000, 0x0000,
  0x0000, 0x0000, 0x0000, 0x0000, 0x0000, 0x0000, 0x0000, 0x0000, 0x0000, 0x0000, 0x0000, 0x0000,
  0x0000, 0x0000, 0x0000, 0x0000, 0x0000, 0x0000, 0x0000, 0x0000, 0x0000, 0x0000, 0x0000, 0x0000,
  0x0000, 0x0000, 0x0000, 0x0000, 0x0000, 0x0000, 0x0000, 0x0000, 0x0000, 0x0000, 0x6188, 0x4198,
  0x41A8, 0x21A0, 0x6190, 0x8280, 0x6268, 0xA450, 0xA538, 0xC620, 0xE718, 0x0811, 0x0909, 0x0909,
  0x0909, 0x2A11, 0x2A11, 0x4919, 0x2919, 0x0919, 0xE810, 0xE810, 0x0819, 0xE710, 0xC808, 0x8708,
  0xA710, 0x8608, 0x6608, 0x6608, 0x6508, 0x6508, 0x4308, 0x4308, 0x4308, 0x6308, 0x4308, 0x4208,
  0x4208, 0x4110, 0x6110, 0x8110, 0x6110, 0x8110, 0x6110, 0x6010, 0x6110, 0x6010, 0x6010, 0x6010,
  0x8110, 0x6010, 0x6010, 0x6010, 0x6010, 0x8010, 0xA118, 0xA118, 0x8010, 0x8110, 0xA218, 0xC220,
  0xA110, 0x4148, 0x62B0, 0x8248, 0x8158, 0x82A0, 0x8190, 0x4198, 0x41A8, 0x41B0, 0x41B0, 0x01B8,
  0x21B8, 0x01B8, 0x01B0, 0x41B0, 0x21B8, 0x01C0, 0x22C0, 0x22C0, 0x42B8, 0x42C0, 0x42C0, 0x42B8,
  0x82B8, 0x82B8, 0xA3B8, 0x83B8, 0x42C0, 0xA3B8, 0xC3B8, 0x82B8, 0x41B0, 0x01B8, 0x21B8, 0x21B8,
  0x01B0, 0x00A8, 0x00A0, 0x0098, 0x0088, 0x2180, 0x2198, 0x2198, 0x4158, 0x2198, 0x4180, 0x6108,
  0x4010, 0x4010, 0xE220, 0xC120, 0xA120, 0xE228, 0xA220, 0xC220, 0xA220, 0xA218, 0xA218, 0xA218,
  0xC220, 0xA218, 0xA220, 0xA220, 0x8118, 0x4110, 0x6110, 0x6110, 0x6008, 0x6008, 0x8110, 0x8110,
  0x8110, 0x8210, 0x6210, 0x2108, 0x6308, 0x6310, 0x6310, 0x6308, 0x6310, 0x6310, 0xA410, 0xA410,
  0xC418, 0xA410, 0xA418, 0xC418, 0xA410, 0xA510, 0xE518, 0xC510, 0xC518, 0xC410, 0xA410, 0x6508,
  0x8508, 0x8508, 0xA610, 0xA510, 0xA508, 0xC610, 0xC608, 0xE608, 0xC608, 0xE610, 0xE518, 0xC420,
  0xA330, 0x8250, 0x6268, 0xA280, 0xA290, 0xA298, 0xA2A0, 0xC3B0, 0xA3C0, 0x0000, 0x0000, 0x0000,
  0x0000, 0x0000, 0x0000, 0x0000, 0x0000, 0x0000, 0x0000, 0x0000, 0x0000, 0x0000, 0x0000, 0x0000,
  0x0000, 0x0000, 0x0000, 0x0000, 0x0000, 0x0000, 0x0000, 0x0000, 0x0000, 0x0000, 0x0000, 0x0000,
  0x0000, 0x0000, 0x0000, 0x0000, 0x0000, 0x0000, 0x0000, 0x0000, 0x0000, 0x0000, 0x0000, 0x0000,
  0x0000, 0x0000, 0x0000, 0x0000, 0x0000, 0x0000, 0x4268, 0x6350, 0x6538, 0x6518, 0x6610, 0xA708,
  0xE908, 0xEB00, 0xEB08, 0x0A11, 0x0911, 0xEA10, 0xCA10, 0x2919, 0x2A19, 0x0911, 0x2919, 0x4A19,
  0x4A19, 0x6921, 0x6821, 0x2821, 0x4821, 0x2819, 0xC808, 0x8808, 0x8808, 0xA708, 0xA708, 0x8610,
  0x8610, 0x8508, 0x6508, 0x6408, 0x6408, 0x6308, 0x6208, 0x6210, 0x6110, 0x6008, 0x6110, 0x8110,
  0xA218, 0x8110, 0x8110, 0x8110, 0xC218, 0xA110, 0x8110, 0xC218, 0xA218, 0xA118, 0xC118, 0xA118,
  0xA110, 0xA110, 0xC218, 0xC218, 0xA110, 0x8210, 0xE218, 0xE220, 0xE218, 0x0331, 0xC3A0, 0xC298,
  0x4341, 0x0259, 0xC290, 0xE488, 0xE590, 0x0399, 0xE2A0, 0x82A0, 0x8298, 0xC2A0, 0xC3A0, 0xE3A0,
  0x03A1, 0xC2A8, 0xE2A8, 0xE3A8, 0xA2A8, 0x62A8, 0xA2A0, 0xE3A0, 0x03A9, 0x0399, 0x2399, 0xA2A0,
  0x41A8, 0x82A0, 0x82A0, 0x8198, 0x61A0, 0x21A0, 0x41A0, 0x40A0, 0x2198, 0x4190, 0x4088, 0x2090,
  0x2088, 0x2080, 0x2080, 0x4140, 0x2260, 0x21A8, 0x6170, 0x8108, 0xE218, 0x6010, 0xE220, 0xA118,
  0x8118, 0xA118, 0x6010, 0xC220, 0x0329, 0xC228, 0xC220, 0xA218, 0xC220, 0xC220, 0xA218, 0xA218,
  0x8110, 0xC218, 0x8218, 0xA218, 0xE218, 0xC218, 0x8110, 0x8110, 0x8110, 0xA210, 0x8110, 0x6108,
  0x8210, 0xA310, 0xE418, 0xC518, 0xA510, 0xA510, 0xC518, 0xC518, 0xC518, 0xC510, 0xC518, 0xC518,
  0xA510, 0xC510, 0x0619, 0xE618, 0x0619, 0x4621, 0xE518, 0x8508, 0x6508, 0x8508, 0x8508, 0xA510,
  0xA510, 0xA610, 0xE618, 0xC610, 0xA710, 0xA610, 0xA608, 0xE610, 0xA608, 0xA608, 0xC608, 0x6508,
  0x8510, 0xA420, 0x8328, 0x8340, 0x8368, 0x0000, 0x0000, 0x0000, 0x0000, 0x0000, 0x0000, 0x0000,
  0x0000, 0x0000, 0x0000, 0x0000, 0x0000, 0x0000, 0x0000, 0x0000, 0x0000, 0x0000, 0x0000, 0x0000,
  0x0000, 0x0000, 0x0000, 0x0000, 0x0000, 0x0000, 0x0000, 0x0000, 0x0000, 0x0000, 0x0000, 0x0000,
  0x0000, 0x0000, 0x0000, 0x0000, 0x0000, 0x0000, 0x0000, 0x0000, 0x0000, 0x0000, 0x0000, 0x0000,
  0x0000, 0x0000, 0x0A09, 0x0A09, 0xCA08, 0xA908, 0xA908, 0xA808, 0xEA18, 0xEA10, 0x0A19, 0x4A21,
  0x0919, 0xC910, 0xE910, 0x2A19, 0x0A11, 0x4A19, 0x4A19, 0x6A21, 0x6A21, 0x6921, 0x2821, 0x2819,
  0x2821, 0x4921, 0x0819, 0x2819, 0x0919, 0x0919, 0x2819, 0xE710, 0x0719, 0x0719, 0xC610, 0xC610,
  0x8410, 0x8210, 0xA110, 0x8110, 0x6108, 0x8210, 0x8210, 0x8210, 0xA210, 0x8210, 0x8210, 0x8110,
  0xA110, 0x8210, 0xA210, 0xA210, 0xA210, 0xC218, 0x8210, 0xA210, 0x8110, 0x8110, 0xA110, 0x8110,
  0xA210, 0x8110, 0x8118, 0xA118, 0xC220, 0x2321, 0x4681, 0xE3A8, 0x2491, 0x6459, 0x0671, 0x0899,
  0x2991, 0xE6A0, 0xA3A0, 0xE2A0, 0xE298, 0xC3A0, 0xA2A0, 0xA2A0, 0xC4A8, 0xE4A8, 0x04A9, 0x04B1,
  0x03A9, 0x82B0, 0xE3A8, 0x24A9, 0x65B1, 0xE4B0, 0x23A9, 0xC3B0, 0x62B8, 0xA3B0, 0xA3B0, 0xA3B0,
  0xC2A8, 0x82B0, 0xA3B0, 0xA3A8, 0x84A8, 0x63A0, 0x6298, 0x4198, 0x6290, 0x6290, 0xA250, 0xC350,
  0x8290, 0x82B0, 0x8258, 0xA108, 0xC218, 0x8110, 0x8110, 0x8110, 0x8110, 0x8110, 0xA210, 0xA210,
  0xC210, 0xA210, 0xE218, 0xC218, 0xC218, 0xA210, 0xA210, 0xA110, 0xC218, 0xA110, 0xA210, 0xC218,
  0xC218, 0xC218, 0xC210, 0xA210, 0xA210, 0xC218, 0xA218, 0xA210, 0xC210, 0xA210, 0xC318, 0xE418,
  0xE510, 0xC610, 0xC610, 0xC610, 0xC610, 0xC710, 0xA710, 0xC610, 0xA610, 0xC710, 0xE718, 0x4819,
  0x6821, 0x2719, 0x0719, 0x0719, 0x0719, 0xC710, 0xC610, 0xE610, 0xE618, 0xC610, 0x0719, 0x4721,
  0x0719, 0x2719, 0xE618, 0x0619, 0x0719, 0xC710, 0xC710, 0xC710, 0xC710, 0xC810, 0xC808, 0xC700,
  0x8600, 0x0000, 0x0000, 0x0000, 0x0000, 0x0000, 0x0000, 0x0000, 0x0000, 0x0000, 0x0000, 0x0000,
  0x0000, 0x0000, 0x0000, 0x0000, 0x0000, 0x0000, 0x0000, 0x0000, 0x0000, 0x0000, 0x0000, 0x0000,
  0x0000, 0x0000, 0x0000, 0x0000, 0x0000, 0x0000, 0x0000, 0x0000, 0x0000, 0x0000, 0x0000, 0x0000,
  0x0000, 0x0000, 0x0000, 0x0000, 0x0000, 0x0000, 0x0000, 0x0000, 0x0000, 0x0000, 0x6408, 0x6308,
  0x4208, 0x4208, 0x4208, 0x4300, 0x4300, 0x6308, 0x8408, 0x8410, 0x8308, 0x6308, 0x6308, 0x6308,
  0x6308, 0x6308, 0x6308, 0x8308, 0x8408, 0x8308, 0x6308, 0x8308, 0x8208, 0x8308, 0x8308, 0x8308,
  0x8308, 0x8308, 0x6208, 0x6208, 0x8308, 0x8308, 0x6308, 0x6208, 0x2100, 0x2100, 0x2000, 0x0000,
  0x0000, 0x2100, 0x2100, 0x2100, 0x2108, 0x2100, 0x2100, 0x4008, 0x2000, 0x4108, 0x4108, 0x4108,
  0x4108, 0x4108, 0x4108, 0x4108, 0x4108, 0x4108, 0x4108, 0x4108, 0x4108, 0x4008, 0x4008, 0x4008,
  0x4008, 0x6108, 0xC330, 0x8240, 0x6148, 0x8238, 0xA228, 0x8340, 0x6240, 0x6340, 0x6240, 0x6140,
  0x6140, 0x6140, 0x6138, 0x6240, 0x6240, 0x6240, 0x6240, 0x6240, 0x6240, 0x4140, 0x6140, 0x8240,
  0xA248, 0x6240, 0x4140, 0x4148, 0x4148, 0x6140, 0x4140, 0x4140, 0x4140, 0x4140, 0x4140, 0x6240,
  0x6340, 0x4240, 0x4138, 0x4138, 0x4140, 0x4130, 0x6118, 0x8228, 0x6140, 0x4148, 0x4120, 0x4100,
  0x4108, 0x4108, 0x4108, 0x4108, 0x4108, 0x4108, 0x6108, 0x4108, 0x6108, 0x4108, 0x4108, 0x6108,
  0x4108, 0x4108, 0x4108, 0x4108, 0x4108, 0x4108, 0x4108, 0x6108, 0x4108, 0x4108, 0x4108, 0x4108,
  0x4108, 0x4108, 0x4108, 0x4108, 0x4108, 0x4108, 0x4108, 0x4108, 0x4208, 0x4208, 0x4200, 0x4200,
  0x4208, 0x2200, 0x4200, 0x2200, 0x4208, 0x4308, 0x4300, 0x6308, 0x6308, 0x6308, 0x4308, 0x6308,
  0x6308, 0x4308, 0x4208, 0x4208, 0x4208, 0x4208, 0x4208, 0x6308, 0x6308, 0x6308, 0x6208, 0x4208,
  0x4208, 0x2200, 0x4200, 0x6208, 0x6208, 0x4300, 0x4200, 0x4200, 0x4200, 0x0000, 0x0000, 0x0000,
  0x0000, 0x0000, 0x0000, 0x0000, 0x0000, 0x0000, 0x0000, 0x0000, 0x0000, 0x0000, 0x0000, 0x0000,
  0x0000, 0x0000, 0x0000, 0x0000, 0x0000, 0x0000, 0x0000, 0x0000, 0x0000, 0x0000, 0x0000, 0x0000,
  0x0000, 0x0000, 0x0000, 0x0000, 0x0000, 0x0000, 0x0000, 0x0000, 0x0000, 0x0000, 0x0000, 0x0000,
  0x0000, 0x0000, 0x0000, 0x0000, 0x0000, 0x0000, 0x0000, 0x0000, 0x0000, 0x0000, 0x0000, 0x0000,
  0x0000, 0x0000, 0x0000, 0x0000, 0x0000, 0x0000, 0x0000, 0x0000, 0x0000, 0x0000, 0x0000, 0x0000,
  0x0000, 0x0000, 0x0000, 0x0000, 0x0000, 0x0000, 0x0000, 0x0000, 0x0000, 0x0000, 0x0000, 0x0000,
  0x0000, 0x0000, 0x0000, 0x0000, 0x0000, 0x0000, 0x0000, 0x0000, 0x0000, 0x0000, 0x0000, 0x0000,
  0x0000, 0x0000, 0x0000, 0x0000, 0x0000, 0x0000, 0x0000, 0x0000, 0x0000, 0x0000, 0x0000, 0x0000,
  0x0000, 0x0000, 0x0000, 0x0000, 0x0000, 0x0000, 0x0000, 0x0000, 0x0000, 0x0000, 0x0000, 0x0000,
  0x0000, 0x0000, 0x0000, 0x0000, 0x0000, 0x0000, 0x0000, 0x0000, 0x0000, 0x0000, 0x0000, 0x0000,
  0x0000, 0x0000, 0x0000, 0x0000, 0x0000, 0x0000, 0x0000, 0x0000, 0x0000, 0x0000, 0x0000, 0x0000,
  0x0000, 0x0000, 0x0000, 0x0000, 0x0000, 0x0000, 0x0000, 0x0000, 0x0000, 0x0000, 0x0000, 0x0000,
  0x0000, 0x0000, 0x0000, 0x0000, 0x0000, 0x0000, 0x0000, 0x0000, 0x0000, 0x0000, 0x0000, 0x0000,
  0x0000, 0x0000, 0x0000, 0x0000, 0x0000, 0x0000, 0x0000, 0x0000, 0x0000, 0x0000, 0x0000, 0x0000,
  0x0000, 0x0000, 0x0000, 0x0000, 0x0000, 0x0000, 0x0000, 0x0000, 0x0000, 0x0000, 0x0000, 0x0000,
  0x0000, 0x0000, 0x0000, 0x0000, 0x0000, 0x0000, 0x0000, 0x0000, 0x0000, 0x0000, 0x0000, 0x0000,
  0x0000, 0x0000, 0x0000, 0x0000, 0x0000, 0x0000, 0x0000, 0x0000, 0x0000, 0x0000, 0x0000, 0x0000,
  0x0000, 0x0000, 0x0000, 0x0000, 0x0000, 0x0000, 0x0000, 0x0000, 0x0000, 0x0000, 0x0000, 0x0000,
  0x0000, 0x0000, 0x0000, 0x0000, 0x0000, 0x0000, 0x0000, 0x0000, 0x0000, 0x0000, 0x0000, 0x0000,
  0x0000, 0x0000, 0x0000, 0x0000, 0x0000, 0x0000, 0x0000, 0x0000, 0x0000, 0x0000, 0x0000, 0x0000,
  0x0000, 0x0000, 0x0000, 0x0000, 0x0000, 0x0000, 0x0000, 0x0000, 0x0000, 0x0000, 0x0000, 0x0000,
  0x0000, 0x0000, 0x0000, 0x0000, 0x0000, 0x0000, 0x0000, 0x0000, 0x0000, 0x0000, 0x0000, 0x0000,
  0x0000, 0x0000, 0x0000, 0x0000, 0x0000, 0x0000, 0x0000, 0x0000, 0x0000, 0x0000, 0x0000, 0x0000,
  0x0000, 0x0000, 0x0000, 0x0000, 0x0000, 0x0000, 0x0000, 0x0000, 0x0000, 0x0000, 0x0000, 0x0000,
  0x0000, 0x0000, 0x0000, 0x0000, 0x0000, 0x0000, 0x0000, 0x0000, 0x0000, 0x0000, 0x0000, 0x0000,
  0x0000, 0x0000, 0x0000, 0x0000, 0x0000, 0x0000, 0x0000, 0x0000, 0x0000, 0x0000, 0x0000, 0x0000,
  0x0000, 0x0000, 0x0000, 0x0000, 0x0000, 0x0000, 0x0000, 0x0000, 0x0000, 0x0000, 0x0000, 0x0000,
  0x0000, 0x0000, 0x0000, 0x0000, 0x0000, 0x0000, 0x0000, 0x0000, 0x0000, 0x0000, 0x0000, 0x0000,
  0x0000, 0x0000, 0x0000, 0x0000, 0x0000, 0x0000, 0x0000, 0x0000, 0x0000, 0x0000, 0x0000, 0x0000,
  0x0000, 0x0000, 0x0000, 0x0000, 0x0000, 0x0000, 0x0000, 0x0000, 0x0000, 0x0000, 0x0000, 0x0000,
  0x0000, 0x0000, 0x0000, 0x0000, 0x0000, 0x0000, 0x0000, 0x0000, 0x0000, 0x0000, 0x0000, 0x0000,
  0x0000, 0x0000, 0x0000, 0x0000, 0x0000, 0x0000, 0x0000, 0x0000, 0x0000, 0x0000, 0x0000, 0x0000,
  0x0000, 0x0000, 0x0000, 0x0000, 0x0000, 0x0000, 0x0000, 0x0000, 0x0000, 0x0000, 0x0000, 0x0000,
  0x0000, 0x0000, 0x0000, 0x0000, 0x0000, 0x0000, 0x0000, 0x0000, 0x0000, 0x0000, 0x0000, 0x0000,
  0x0000, 0x0000, 0x0000, 0x0000, 0x0000, 0x0000, 0x0000, 0x0000, 0x0000, 0x0000, 0x0000, 0x0000,
  0x0000, 0x0000, 0x0000, 0x0000, 0x0000, 0x0000, 0x0000, 0x0000, 0x0000, 0x0000, 0x0000, 0x0000,
  0x0000, 0x0000, 0x0000, 0x0000, 0x0000, 0x0000, 0x0000, 0x0000, 0x0000, 0x0000, 0x0000, 0x0000,
  0x0000, 0x0000, 0x0000, 0x0000, 0x0000, 0x0000, 0x0000, 0x0000, 0x0000, 0x0000, 0x0000, 0x0000,
  0x0000, 0x0000, 0x0000, 0x0000, 0x0000, 0x0000, 0x0000, 0x0000, 0x0000, 0x0000, 0x0000, 0x0000,
  0x0000, 0x0000, 0x0000, 0x0000, 0x0000, 0x0000, 0x0000, 0x0000, 0x0000, 0x0000, 0x0000, 0x0000,
  0x0000, 0x0000, 0x0000, 0x0000, 0x0000, 0x0000, 0x0000, 0x0000, 0x0000, 0x0000, 0x0000, 0x0000,
  0x0000, 0x0000, 0x0000, 0x0000, 0x0000, 0x0000, 0x0000, 0x0000, 0x0000, 0x0000, 0x0000, 0x0000,
  0x0000, 0x0000, 0x0000, 0x0000, 0x0000, 0x0000, 0x0000, 0x0000, 0x0000, 0x0000, 0x0000, 0x0000,
  0x0000, 0x0000, 0x0000, 0x0000, 0x0000, 0x0000, 0x0000, 0x0000, 0x0000, 0x0000, 0x0000, 0x0000,
  0x0000, 0x0000, 0x0000, 0x0000, 0x0000, 0x0000, 0x0000, 0x0000, 0x0000, 0x0000, 0x0000, 0x0000,
  0x0000, 0x0000, 0x0000, 0x0000, 0x0000, 0x0000, 0x0000, 0x0000, 0x0000, 0x0000, 0x0000, 0x0000,
  0x0000, 0x0000, 0x0000, 0x0000, 0x0000, 0x0000, 0x0000, 0x0000, 0x0000, 0x0000, 0x0000, 0x0000,
  0x0000, 0x0000, 0x0000, 0x0000, 0x0000, 0x0000, 0x0000, 0x0000, 0x0000, 0x0000, 0x0000, 0x0000,
  0x0000, 0x0000, 0x0000, 0x0000, 0x0000, 0x0000, 0x0000, 0x0000, 0x0000, 0x0000, 0x0000, 0x0000,
  0x0000, 0x0000, 0x0000, 0x0000, 0x0000, 0x0000, 0x0000, 0x0000, 0x0000, 0x0000, 0x0000, 0x0000,
  0x0000, 0x0000, 0x0000, 0x0000, 0x0000, 0x0000, 0x0000, 0x0000, 0x0000, 0x0000, 0x0000, 0x0000,
  0x0000, 0x0000, 0x0000, 0x0000, 0x0000, 0x0000, 0x0000, 0x0000, 0x0000, 0x0000, 0x0000, 0x0000,
  0x0000, 0x0000, 0x0000, 0x0000, 0x0000, 0x0000, 0x0000, 0x0000, 0x0000, 0x0000, 0x0000, 0x0000,
  0x0000, 0x0000, 0x0000, 0x0000, 0x0000, 0x0000, 0x0000, 0x0000, 0x0000, 0x0000, 0x0000, 0x0000,
  0x0000, 0x0000, 0x0000, 0x0000, 0x0000, 0x0000, 0x0000, 0x0000, 0x0000, 0x0000, 0x0000, 0x0000,
  0x0000, 0x0000, 0x0000, 0x0000, 0x0000, 0x0000, 0x0000, 0x0000, 0x0000, 0x0000, 0x0000, 0x0000,
  0x0000, 0x0000, 0x0000, 0x0000, 0x0000, 0x0000, 0x0000, 0x0000, 0x0000, 0x0000, 0x0000, 0x0000,
  0x0000, 0x0000, 0x0000, 0x0000, 0x0000, 0x0000, 0x0000, 0x0000, 0x0000, 0x0000, 0x0000, 0x0000,
  0x0000, 0x0000, 0x0000, 0x0000, 0x0000, 0x0000, 0x0000, 0x0000, 0x0000, 0x0000, 0x0000, 0x0000,
  0x0000, 0x0000, 0x0000, 0x0000, 0x0000, 0x0000, 0x0000, 0x0000, 0x0000, 0x0000, 0x0000, 0x0000,
  0x0000, 0x0000, 0x0000, 0x0000, 0x0000, 0x0000, 0x0000, 0x0000, 0x0000, 0x0000, 0x0000, 0x0000,
  0x0000, 0x0000, 0x0000, 0x0000, 0x0000, 0x0000, 0x0000, 0x0000, 0x0000, 0x0000, 0x0000, 0x0000,
  0x0000, 0x0000, 0x0000, 0x0000, 0x0000, 0x0000, 0x0000, 0x0000, 0x0000, 0x0000, 0x0000, 0x0000,
  0x0000, 0x0000, 0x0000, 0x0000, 0x0000, 0x0000, 0x0000, 0x0000, 0x0000, 0x0000, 0x0000, 0x0000,
  0x0000, 0x0000, 0x0000, 0x0000, 0x0000, 0x0000, 0x0000, 0x0000, 0x0000, 0x0000, 0x0000, 0x0000,
  0x0000, 0x0000, 0x0000, 0x0000, 0x0000, 0x0000, 0x0000, 0x0000, 0x0000, 0x0000, 0x0000, 0x0000,
  0x0000, 0x0000, 0x0000, 0x0000, 0x0000, 0x0000, 0x0000, 0x0000, 0x0000, 0x0000, 0x0000, 0x0000,
  0x0000, 0x0000, 0x0000, 0x0000, 0x0000, 0x0000, 0x0000, 0x0000, 0x0000, 0x0000, 0x0000, 0x0000,
  0x0000, 0x0000, 0x0000, 0x0000, 0x0000, 0x0000, 0x0000, 0x0000, 0x0000, 0x0000, 0x0000, 0x0000,
  0x0000, 0x0000, 0x0000, 0x0000, 0x0000, 0x0000, 0x0000, 0x0000, 0x0000, 0x0000, 0x0000, 0x0000,
  0x0000, 0x0000, 0x0000, 0x0000, 0x0000, 0x0000, 0x0000, 0x0000, 0x0000, 0x0000, 0x0000, 0x0000,
  0x0000, 0x0000, 0x0000, 0x0000, 0x0000, 0x0000, 0x0000, 0x0000, 0x0000, 0x0000, 0x0000, 0x0000,
  0x0000, 0x0000, 0x0000, 0x0000, 0x0000, 0x0000, 0x0000, 0x0000, 0x0000, 0x0000, 0x0000, 0x0000,
  0x0000, 0x0000, 0x0000, 0x0000, 0x0000, 0x0000, 0x0000, 0x0000, 0x0000, 0x0000, 0x0000, 0x0000,
  0x0000, 0x0000, 0x0000, 0x0000, 0x0000, 0x0000, 0x0000, 0x0000, 0x0000, 0x0000, 0x0000, 0x0000,
  0x0000, 0x0000, 0x0000, 0x0000, 0x0000, 0x0000, 0x0000, 0x0000, 0x0000, 0x0000, 0x0000, 0x0000,
  0x0000, 0x0000, 0x0000, 0x0000, 0x0000, 0x0000, 0x0000, 0x0000, 0x0000, 0x0000, 0x0000, 0x0000,
  0x0000, 0x0000, 0x0000, 0x0000, 0x0000, 0x0000, 0x0000, 0x0000, 0x0000, 0x0000, 0x0000, 0x0000,
  0x0000, 0x0000, 0x0000, 0x0000, 0x0000, 0x0000, 0x0000, 0x0000, 0x0000, 0x0000, 0x0000, 0x0000,
  0x0000, 0x0000, 0x0000, 0x0000, 0x0000, 0x0000, 0x0000, 0x0000, 0x0000, 0x0000, 0x0000, 0x0000,
  0x0000, 0x0000, 0x0000, 0x0000, 0x0000, 0x0000, 0x0000, 0x0000, 0x0000, 0x0000, 0x0000, 0x0000,
  0x0000, 0x0000, 0x0000, 0x0000, 0x0000, 0x0000, 0x0000, 0x0000, 0x0000, 0x0000, 0x0000, 0x0000,
  0x0000, 0x0000, 0x0000, 0x0000, 0x0000, 0x0000, 0x0000, 0x0000, 0x0000, 0x0000, 0x0000, 0x0000,
  0x0000, 0x0000, 0x0000, 0x0000, 0x0000, 0x0000, 0x0000, 0x0000, 0x0000, 0x0000, 0x0000, 0x0000,
  0x0000, 0x0000, 0x0000, 0x0000, 0x0000, 0x0000, 0x0000, 0x0000, 0x0000, 0x0000, 0x0000, 0x0000,
  0x0000, 0x0000, 0x0000, 0x0000, 0x0000, 0x0000, 0x0000, 0x0000, 0x0000, 0x0000, 0x0000, 0x0000,
  0x0000, 0x0000, 0x0000, 0x0000, 0x0000, 0x0000, 0x0000, 0x0000, 0x0000, 0x0000, 0x0000, 0x0000,
  0x0000, 0x0000, 0x0000, 0x0000, 0x0000, 0x0000, 0x0000, 0x0000, 0x0000, 0x0000, 0x0000, 0x0000,
  0x0000, 0x0000, 0x0000, 0x0000, 0x0000, 0x0000, 0x0000, 0x0000, 0x0000, 0x0000, 0x0000, 0x0000,
  0x0000, 0x0000, 0x0000, 0x0000, 0x0000, 0x0000, 0x0000, 0x0000, 0x0000, 0x0000, 0x0000, 0x0000,
  0x0000, 0x0000, 0x0000, 0x0000, 0x0000, 0x0000, 0x0000, 0x0000, 0x0000, 0x0000, 0x0000, 0x0000,
  0x0000, 0x0000, 0x0000, 0x0000, 0x0000, 0x0000, 0x0000, 0x0000, 0x0000, 0x0000, 0x0000, 0x0000,
  0x0000, 0x0000, 0x0000, 0x0000, 0x0000, 0x0000, 0x0000, 0x0000, 0x0000, 0x0000, 0x0000, 0x0000,
  0x0000, 0x0000, 0x0000, 0x0000, 0x0000, 0x0000, 0x0000, 0x0000, 0x0000, 0x0000, 0x0000, 0x0000,
  0x0000, 0x0000, 0x0000, 0x0000, 0x0000, 0x0000, 0x0000, 0x0000, 0x0000, 0x0000, 0x0000, 0x0000,
  0x0000, 0x0000, 0x0000, 0x0000, 0x0000, 0x0000, 0x0000, 0x0000, 0x0000, 0x0000, 0x0000, 0x0000,
  0x0000, 0x0000, 0x0000, 0x0000, 0x0000, 0x0000, 0x0000, 0x0000, 0x0000, 0x0000, 0x0000, 0x0000,
  0x0000, 0x0000, 0x0000, 0x0000, 0x0000, 0x0000, 0x0000, 0x0000, 0x0000, 0x0000, 0x0000, 0x0000,
  0x0000, 0x0000, 0x0000, 0x0000, 0x0000, 0x0000, 0x0000, 0x0000, 0x0000, 0x0000, 0x0000, 0x0000,
  0x0000, 0x0000, 0x0000, 0x0000, 0x0000, 0x0000, 0x0000, 0x0000, 0x0000, 0x0000, 0x0000, 0x0000,
  0x0000, 0x0000, 0x0000, 0x0000, 0x0000, 0x0000, 0x0000, 0x0000, 0x0000, 0x0000, 0x0000, 0x0000,
  0x0000, 0x0000, 0x0000, 0x0000, 0x0000, 0x0000, 0x0000, 0x0000, 0x0000, 0x0000, 0x0000, 0x0000,
  0x0000, 0x0000, 0x0000, 0x0000, 0x0000, 0x0000, 0x0000, 0x0000, 0x0000, 0x0000, 0x0000, 0x0000,
  0x0000, 0x0000, 0x0000, 0x0000, 0x0000, 0x0000, 0x0000, 0x0000, 0x0000, 0x0000, 0x0000, 0x0000,
  0x0000, 0x0000, 0x0000, 0x0000, 0x0000, 0x0000, 0x0000, 0x0000, 0x0000, 0x0000, 0x0000, 0x0000,
  0x0000, 0x0000, 0x0000, 0x0000, 0x0000, 0x0000, 0x0000, 0x0000, 0x0000, 0x0000, 0x0000, 0x0000,
  0x0000, 0x0000, 0x0000, 0x0000, 0x0000, 0x0000, 0x0000, 0x0000, 0x0000, 0x0000, 0x0000, 0x0000,
  0x0000, 0x0000, 0x0000, 0x0000, 0x0000, 0x0000, 0x0000, 0x0000, 0x0000, 0x0000, 0x0000, 0x0000,
  0x0000, 0x0000, 0x0000, 0x0000, 0x0000, 0x0000, 0x0000, 0x0000, 0x0000, 0x0000, 0x0000, 0x0000,
  0x0000, 0x0000, 0x0000, 0x0000, 0x0000, 0x0000, 0x0000, 0x0000, 0x0000, 0x0000, 0x0000, 0x0000,
  0x0000, 0x0000, 0x0000, 0x0000, 0x0000, 0x0000, 0x0000, 0x0000, 0x0000, 0x0000, 0x0000, 0x0000,
  0x0000, 0x0000, 0x0000, 0x0000, 0x0000, 0x0000, 0x0000, 0x0000, 0x0000, 0x0000, 0x0000, 0x0000,
  0x0000, 0x0000, 0x0000, 0x0000, 0x0000, 0x0000, 0x0000, 0x0000, 0x0000, 0x0000, 0x0000, 0x0000,
  0x0000, 0x0000, 0x0000, 0x0000, 0x0000, 0x0000, 0x0000, 0x0000, 0x0000, 0x0000, 0x0000, 0x0000,
  0x0000, 0x0000, 0x0000, 0x0000, 0x0000, 0x0000, 0x0000, 0x0000, 0x0000, 0x0000, 0x0000, 0x0000,
  0x0000, 0x0000, 0x0000, 0x0000, 0x0000, 0x0000, 0x0000, 0x0000, 0x0000, 0x0000, 0x0000, 0x0000,
  0x0000, 0x0000, 0x0000, 0x0000, 0x0000, 0x0000, 0x0000, 0x0000, 0x0000, 0x0000, 0x0000, 0x0000,
  0x0000, 0x0000, 0x0000, 0x0000, 0x0000, 0x0000, 0x0000, 0x0000, 0x0000, 0x0000, 0x0000, 0x0000,
  0x0000, 0x0000, 0x0000, 0x0000, 0x0000, 0x0000, 0x0000, 0x0000, 0x0000, 0x0000, 0x0000, 0x0000,
  0x0000, 0x0000, 0x0000, 0x0000, 0x0000, 0x0000, 0x0000, 0x0000, 0x0000, 0x0000, 0x0000, 0x0000,
  0x0000, 0x0000, 0x0000, 0x0000, 0x0000, 0x0000, 0x0000, 0x0000, 0x0000, 0x0000, 0x0000, 0x0000,
  0x0000, 0x0000, 0x0000, 0x0000, 0x0000, 0x0000, 0x0000, 0x0000, 0x0000, 0x0000, 0x0000, 0x0000,
  0x0000, 0x0000, 0x0000, 0x0000, 0x0000, 0x0000, 0x0000, 0x0000, 0x0000, 0x0000, 0x0000, 0x0000,
  0x0000, 0x0000, 0x0000, 0x0000, 0x0000, 0x0000, 0x0000, 0x0000, 0x0000, 0x0000, 0x0000, 0x0000,
  0x0000, 0x0000, 0x0000, 0x0000, 0x0000, 0x0000, 0x0000, 0x0000, 0x0000, 0x0000, 0x0000, 0x0000,
  0x0000, 0x0000, 0x0000, 0x0000, 0x0000, 0x0000, 0x0000, 0x0000, 0x0000, 0x0000, 0x0000, 0x0000,
  0x0000, 0x0000, 0x0000, 0x0000, 0x0000, 0x0000, 0x0000, 0x0000, 0x0000, 0x0000, 0x0000, 0x0000,
  0x0000, 0x0000, 0x0000, 0x0000, 0x0000, 0x0000, 0x0000, 0x0000, 0x0000, 0x0000, 0x0000, 0x0000,
  0x0000, 0x0000, 0x0000, 0x0000, 0x0000, 0x0000, 0x0000, 0x0000, 0x0000, 0x0000, 0x0000, 0x0000,
  0x0000, 0x0000, 0x0000, 0x0000, 0x0000, 0x0000, 0x0000, 0x0000, 0x0000, 0x0000, 0x0000, 0x0000,
  0x0000, 0x0000, 0x0000, 0x0000, 0x0000, 0x0000, 0x0000, 0x0000, 0x0000, 0x0000, 0x0000, 0x0000,
  0x0000, 0x0000, 0x0000, 0x0000, 0x0000, 0x0000, 0x0000, 0x0000, 0x0000, 0x0000, 0x0000, 0x0000,
  0x0000, 0x0000, 0x0000, 0x0000, 0x0000, 0x0000, 0x0000, 0x0000, 0x0000, 0x0000, 0x0000, 0x0000,
  0x0000, 0x0000, 0x0000, 0x0000, 0x0000, 0x0000, 0x0000, 0x0000, 0x0000, 0x0000, 0x0000, 0x0000,
  0x0000, 0x0000, 0x0000, 0x0000, 0x0000, 0x0000, 0x0000, 0x0000, 0x0000, 0x0000, 0x0000, 0x0000,
  0x0000, 0x0000, 0x0000, 0x0000, 0x0000, 0x0000, 0x0000, 0x0000, 0x0000, 0x0000, 0x0000, 0x0000,
  0x0000, 0x0000, 0x0000, 0x0000, 0x0000, 0x0000, 0x0000, 0x0000, 0x0000, 0x0000, 0x0000, 0x0000,
  0x0000, 0x0000, 0x0000, 0x0000, 0x0000, 0x0000, 0x0000, 0x0000, 0x0000, 0x0000, 0x0000, 0x0000,
  0x0000, 0x0000, 0x0000, 0x0000, 0x0000, 0x0000, 0x0000, 0x0000, 0x0000, 0x0000, 0x0000, 0x0000,
  0x0000, 0x0000, 0x0000, 0x0000, 0x0000, 0x0000, 0x0000, 0x0000, 0x0000, 0x0000, 0x0000, 0x0000,
  0x0000, 0x0000, 0x0000, 0x0000, 0x0000, 0x0000, 0x0000, 0x0000, 0x0000, 0x0000, 0x0000, 0x0000,
  0x0000, 0x0000, 0x0000, 0x0000, 0x0000, 0x0000, 0x0000, 0x0000, 0x0000, 0x0000, 0x0000, 0x0000,
  0x0000, 0x0000, 0x0000, 0x0000, 0x0000, 0x0000, 0x0000, 0x0000, 0x0000, 0x0000, 0x0000, 0x0000,
  0x0000, 0x0000, 0x0000, 0x0000, 0x0000, 0x0000, 0x0000, 0x0000, 0x0000, 0x0000, 0x0000, 0x0000,
  0x0000, 0x0000, 0x0000, 0x0000, 0x0000, 0x0000, 0x0000, 0x0000, 0x0000, 0x0000, 0x0000, 0x0000,
  0x0000, 0x0000, 0x0000, 0x0000, 0x0000, 0x0000, 0x0000, 0x0000, 0x0000, 0x0000, 0x0000, 0x0000,
  0x0000, 0x0000, 0x0000, 0x0000, 0x0000, 0x0000, 0x0000, 0x0000, 0x0000, 0x0000, 0x0000, 0x0000,
  0x0000, 0x0000, 0x0000, 0x0000, 0x0000, 0x0000, 0x0000, 0x0000, 0x0000, 0x0000, 0x0000, 0x0000,
  0x0000, 0x0000, 0x0000, 0x0000, 0x0000, 0x0000, 0x0000, 0x0000, 0x0000, 0x0000, 0x0000, 0x0000,
  0x0000, 0x0000, 0x0000, 0x0000, 0x0000, 0x0000, 0x0000, 0x0000, 0x0000, 0x0000, 0x0000, 0x0000,
  0x0000, 0x0000, 0x0000, 0x0000, 0x0000, 0x0000, 0x0000, 0x0000, 0x0000, 0x0000, 0x0000, 0x0000,
  0x0000, 0x0000, 0x0000, 0x0000, 0x0000, 0x0000, 0x0000, 0x0000, 0x0000, 0x0000, 0x0000, 0x0000,
  0x0000, 0x0000, 0x0000, 0x0000, 0x0000, 0x0000, 0x0000, 0x0000, 0x0000, 0x0000, 0x0000, 0x0000,
  0x0000, 0x0000, 0x0000, 0x0000, 0x0000, 0x0000, 0x0000, 0x0000, 0x0000, 0x0000, 0x0000, 0x0000,
  0x0000, 0x0000, 0x0000, 0x0000, 0x0000, 0x0000, 0x0000, 0x0000, 0x0000, 0x0000, 0x0000, 0x0000,
  0x0000, 0x0000, 0x0000, 0x0000, 0x0000, 0x0000, 0x0000, 0x0000, 0x0000, 0x0000, 0x0000, 0x0000,
  0x0000, 0x0000, 0x0000, 0x0000, 0x0000, 0x0000, 0x0000, 0x0000, 0x0000, 0x0000, 0x0000, 0x0000,
  0x0000, 0x0000, 0x0000, 0x0000, 0x0000, 0x0000, 0x0000, 0x0000, 0x0000, 0x0000, 0x0000, 0x0000,
  0x0000, 0x0000, 0x0000, 0x0000, 0x0000, 0x0000, 0x0000, 0x0000, 0x0000, 0x0000, 0x0000, 0x0000,
  0x0000, 0x0000, 0x0000, 0x0000, 0x0000, 0x0000, 0x0000, 0x0000, 0x0000, 0x0000, 0x0000, 0x0000,
  0x0000, 0x0000, 0x0000, 0x0000, 0x0000, 0x0000, 0x0000, 0x0000, 0x0000, 0x0000, 0x0000, 0x0000,
  0x0000, 0x0000, 0x0000, 0x0000, 0x0000, 0x0000, 0x0000, 0x0000, 0x0000, 0x0000, 0x0000, 0x0000,
  0x0000, 0x0000, 0x0000, 0x0000, 0x0000, 0x0000, 0x0000, 0x0000, 0x0000, 0x0000, 0x0000, 0x0000,
  0x0000, 0x0000, 0x0000, 0x0000, 0x0000, 0x0000, 0x0000, 0x0000, 0x0000, 0x0000, 0x0000, 0x0000,
  0x0000, 0x0000, 0x0000, 0x0000, 0x0000, 0x0000, 0x0000, 0x0000, 0x0000, 0x0000, 0x0000, 0x0000,
  0x0000, 0x0000, 0x0000, 0x0000, 0x0000, 0x0000, 0x0000, 0x0000, 0x0000, 0x0000, 0x0000, 0x0000,
  0x0000, 0x0000, 0x0000, 0x0000, 0x0000, 0x0000, 0x0000, 0x0000, 0x0000, 0x0000, 0x0000, 0x0000,
  0x0000, 0x0000, 0x0000, 0x0000, 0x0000, 0x0000, 0x0000, 0x0000, 0x0000, 0x0000, 0x0000, 0x0000,
  0x0000, 0x0000, 0x0000, 0x0000, 0x0000, 0x0000, 0x0000, 0x0000, 0x0000, 0x0000, 0x0000, 0x0000,
  0x0000, 0x0000, 0x0000, 0x0000, 0x0000, 0x0000, 0x0000, 0x0000, 0x0000, 0x0000, 0x0000, 0x0000,
  0x0000, 0x0000, 0x0000, 0x0000, 0x0000, 0x0000, 0x0000, 0x0000, 0x0000, 0x0000, 0x0000, 0x0000,
  0x0000, 0x0000, 0x0000, 0x0000, 0x0000, 0x0000, 0x0000, 0x0000, 0x0000, 0x0000, 0x0000, 0x0000,
  0x0000, 0x0000, 0x0000, 0x0000, 0x0000, 0x0000, 0x0000, 0x0000, 0x0000, 0x0000, 0x0000, 0x0000,
  0x0000, 0x0000, 0x0000, 0x0000, 0x0000, 0x0000, 0x0000, 0x0000, 0x0000, 0x0000, 0x0000, 0x0000,
  0x0000, 0x0000, 0x0000, 0x0000, 0x0000, 0x0000, 0x0000, 0x0000, 0x0000, 0x0000, 0x0000, 0x0000,
  0x0000, 0x0000, 0x0000, 0x0000, 0x0000, 0x0000, 0x0000, 0x0000, 0x0000, 0x0000, 0x0000, 0x0000,
  0x0000, 0x0000, 0x0000, 0x0000, 0x0000, 0x0000, 0x0000, 0x0000, 0x0000, 0x0000, 0x0000, 0x0000,
  0x0000, 0x0000, 0x0000, 0x0000, 0x0000, 0x0000, 0x0000, 0x0000, 0x0000, 0x0000, 0x0000, 0x0000,
  0x0000, 0x0000, 0x0000, 0x0000, 0x0000, 0x0000, 0x0000, 0x0000, 0x0000, 0x0000, 0x0000, 0x0000,
  0x0000, 0x0000, 0x0000, 0x0000, 0x0000, 0x0000, 0x0000, 0x0000, 0x0000, 0x0000, 0x0000, 0x0000,
  0x0000, 0x0000, 0x0000, 0x0000, 0x0000, 0x0000, 0x0000, 0x0000, 0x0000, 0x0000, 0x0000, 0x0000,
  0x0000, 0x0000, 0x0000, 0x0000, 0x0000, 0x0000, 0x0000, 0x0000, 0x0000, 0x0000, 0x0000, 0x0000,
  0x0000, 0x0000, 0x0000, 0x0000, 0x0000, 0x0000, 0x0000, 0x0000, 0x0000, 0x0000, 0x0000, 0x0000,
  0x0000, 0x0000, 0x0000, 0x0000, 0x0000, 0x0000, 0x0000, 0x0000, 0x0000, 0x0000, 0x0000, 0x0000,
  0x0000, 0x0000, 0x0000, 0x0000, 0x0000, 0x0000, 0x0000, 0x0000, 0x0000, 0x0000, 0x0000, 0x0000,
  0x0000, 0x0000, 0x0000, 0x0000, 0x0000, 0x0000, 0x0000, 0x0000, 0x0000, 0x0000, 0x0000, 0x0000,
  0x0000, 0x0000, 0x0000, 0x0000, 0x0000, 0x0000, 0x0000, 0x0000, 0x0000, 0x0000, 0x0000, 0x0000,
  0x0000, 0x0000, 0x0000, 0x0000, 0x0000, 0x0000, 0x0000, 0x0000, 0x0000, 0x0000, 0x0000, 0x0000,
  0x0000, 0x0000, 0x0000, 0x0000, 0x0000, 0x0000, 0x0000, 0x0000, 0x0000, 0x0000, 0x0000, 0x0000,
  0x0000, 0x0000, 0x0000, 0x0000, 0x0000, 0x0000, 0x0000, 0x0000, 0x0000, 0x0000, 0x0000, 0x0000,
  0x0000, 0x0000, 0x0000, 0x0000, 0x0000, 0x0000, 0x0000, 0x0000, 0x0000, 0x0000, 0x0000, 0x0000,
  0x0000, 0x0000, 0x0000, 0x0000, 0x0000, 0x0000, 0x0000, 0x0000, 0x0000, 0x0000, 0x0000, 0x0000,
  0x0000, 0x0000, 0x0000, 0x0000, 0x0000, 0x0000, 0x0000, 0x0000, 0x0000, 0x0000, 0x0000, 0x0000,
  0x0000, 0x0000, 0x0000, 0x0000, 0x0000, 0x0000, 0x0000, 0x0000, 0x0000, 0x0000, 0x0000, 0x0000,
  0x0000, 0x0000, 0x0000, 0x0000, 0x0000, 0x0000, 0x0000, 0x0000, 0x0000, 0x0000, 0x0000, 0x0000,
  0x0000, 0x0000, 0x0000, 0x0000, 0x0000, 0x0000, 0x0000, 0x0000, 0x0000, 0x0000, 0x0000, 0x0000,
  0x0000, 0x0000, 0x0000, 0x0000, 0x0000, 0x0000, 0x0000, 0x0000, 0x0000, 0x0000, 0x0000, 0x0000,
  0x0000, 0x0000, 0x0000, 0x0000, 0x0000, 0x0000, 0x0000, 0x0000, 0x0000, 0x0000, 0x0000, 0x0000,
  0x0000, 0x0000, 0x0000, 0x0000, 0x0000, 0x0000, 0x0000, 0x0000, 0x0000, 0x0000, 0x0000, 0x0000,
  0x0000, 0x0000, 0x0000, 0x0000, 0x0000, 0x0000, 0x0000, 0x0000, 0x0000, 0x0000, 0x0000, 0x0000,
  0x0000, 0x0000, 0x0000, 0x0000, 0x0000, 0x0000, 0x0000, 0x0000, 0x0000, 0x0000, 0x0000, 0x0000,
  0x0000, 0x0000, 0x0000, 0x0000, 0x0000, 0x0000, 0x0000, 0x0000, 0x0000, 0x0000, 0x0000, 0x0000,
  0x0000, 0x0000, 0x0000, 0x0000, 0x0000, 0x0000, 0x0000, 0x0000, 0x0000, 0x0000, 0x0000, 0x0000,
  0x0000, 0x0000, 0x0000, 0x0000, 0x0000, 0x0000, 0x0000, 0x0000, 0x0000, 0x0000, 0x0000, 0x0000,
  0x0000, 0x0000, 0x0000, 0x0000, 0x0000, 0x0000, 0x0000, 0x0000, 0x0000, 0x0000, 0x0000, 0x0000,
  0x0000, 0x0000, 0x0000, 0x0000, 0x0000, 0x0000, 0x0000, 0x0000, 0x0000, 0x0000, 0x0000, 0x0000,
  0x0000, 0x0000, 0x0000, 0x0000, 0x0000, 0x0000, 0x0000, 0x0000, 0x0000, 0x0000, 0x0000, 0x0000,
  0x0000, 0x0000, 0x0000, 0x0000, 0x0000, 0x0000, 0x0000, 0x0000, 0x0000, 0x0000, 0x0000, 0x0000,
  0x0000, 0x0000, 0x0000, 0x0000, 0x0000, 0x0000, 0x0000, 0x0000, 0x0000, 0x0000, 0x0000, 0x0000,
  0x0000, 0x0000, 0x0000, 0x0000, 0x0000, 0x0000, 0x0000, 0x0000, 0x0000, 0x0000, 0x0000, 0x0000,
  0x0000, 0x0000, 0x0000, 0x0000, 0x0000, 0x0000, 0x0000, 0x0000, 0x0000, 0x0000, 0x0000, 0x0000,
  0x0000, 0x0000, 0x0000, 0x0000, 0x0000, 0x0000, 0x0000, 0x0000, 0x0000, 0x0000, 0x0000, 0x0000,
  0x0000, 0x0000, 0x0000, 0x0000, 0x0000, 0x0000, 0x0000, 0x0000, 0x0000, 0x0000, 0x0000, 0x0000,
  0x0000, 0x0000, 0x0000, 0x0000, 0x0000, 0x0000, 0x0000, 0x0000, 0x0000, 0x0000, 0x0000, 0x0000,
  0x0000, 0x0000, 0x0000, 0x0000, 0x0000, 0x0000, 0x0000, 0x0000, 0x0000, 0x0000, 0x0000, 0x0000,
  0x0000, 0x0000, 0x0000, 0x0000, 0x0000, 0x0000, 0x0000, 0x0000, 0x0000, 0x0000, 0x0000, 0x0000,
  0x0000, 0x0000, 0x0000, 0x0000, 0x0000, 0x0000, 0x0000, 0x0000, 0x0000, 0x0000, 0x0000, 0x0000,
  0x0000, 0x0000, 0x0000, 0x0000, 0x0000, 0x0000, 0x0000, 0x0000, 0x0000, 0x0000, 0x0000, 0x0000,
  0x0000, 0x0000, 0x0000, 0x0000, 0x0000, 0x0000, 0x0000, 0x0000, 0x0000, 0x0000, 0x0000, 0x0000,
  0x0000, 0x0000, 0x0000, 0x0000, 0x0000, 0x0000, 0x0000, 0x0000, 0x0000, 0x0000, 0x0000, 0x0000,
  0x0000, 0x0000, 0x0000, 0x0000, 0x0000, 0x0000, 0x0000, 0x0000, 0x0000, 0x0000, 0x0000, 0x0000,
  0x0000, 0x0000, 0x0000, 0x0000, 0x0000, 0x0000, 0x0000, 0x0000, 0x0000, 0x0000, 0x0000, 0x0000,
  0x0000, 0x0000, 0x0000, 0x0000, 0x0000, 0x0000, 0x0000, 0x0000, 0x0000, 0x0000, 0x0000, 0x0000,
  0x0000, 0x0000, 0x0000, 0x0000, 0x0000, 0x0000, 0x0000, 0x0000, 0x0000, 0x0000, 0x0000, 0x0000,
  0x0000, 0x0000, 0x0000, 0x0000, 0x0000, 0x0000, 0x0000, 0x0000, 0x0000, 0x0000, 0x0000, 0x0000,
  0x0000, 0x0000, 0x0000, 0x0000, 0x0000, 0x0000, 0x0000, 0x0000, 0x0000, 0x0000, 0x0000, 0x0000,
  0x0000, 0x0000, 0x0000, 0x0000, 0x0000, 0x0000, 0x0000, 0x0000, 0x0000, 0x0000, 0x0000, 0x0000,
  0x0000, 0x0000, 0x0000, 0x0000, 0x0000, 0x0000, 0x0000, 0x0000, 0x0000, 0x0000, 0x0000, 0x0000,
  0x0000, 0x0000, 0x0000, 0x0000, 0x0000, 0x0000, 0x0000, 0x0000, 0x0000, 0x0000, 0x0000, 0x0000,
  0x0000, 0x0000, 0x0000, 0x0000, 0x0000, 0x0000, 0x0000, 0x0000, 0x0000, 0x0000, 0x0000, 0x0000,
  0x0000, 0x0000, 0x0000, 0x0000, 0x0000, 0x0000, 0x0000, 0x0000, 0x0000, 0x0000, 0x0000, 0x0000,
  0x0000, 0x0000, 0x0000, 0x0000, 0x0000, 0x0000, 0x0000, 0x0000, 0x0000, 0x0000, 0x0000, 0x0000,
  0x0000, 0x0000, 0x0000, 0x0000, 0x0000, 0x0000, 0x0000, 0x0000, 0x0000, 0x0000, 0x0000, 0x0000,
  0x0000, 0x0000, 0x0000, 0x0000, 0x0000, 0x0000, 0x0000, 0x0000, 0x0000, 0x0000, 0x0000, 0x0000,
  0x0000, 0x0000, 0x0000, 0x0000, 0x0000, 0x0000, 0x0000, 0x0000, 0x0000, 0x0000, 0x0000, 0x0000,
  0x0000, 0x0000, 0x0000, 0x0000, 0x0000, 0x0000, 0x0000, 0x0000, 0x0000, 0x0000, 0x0000, 0x0000,
  0x0000, 0x0000, 0x0000, 0x0000, 0x0000, 0x0000, 0x0000, 0x0000, 0x0000, 0x0000, 0x0000, 0x0000,
  0x0000, 0x0000, 0x0000, 0x0000, 0x0000, 0x0000, 0x0000, 0x0000, 0x0000, 0x0000, 0x0000, 0x0000,
  0x0000, 0x0000, 0x0000, 0x0000, 0x0000, 0x0000, 0x0000, 0x0000, 0x0000, 0x0000, 0x0000, 0x0000,
  0x0000, 0x0000, 0x0000, 0x0000, 0x0000, 0x0000, 0x0000, 0x0000, 0x0000, 0x0000, 0x0000, 0x0000,
  0x0000, 0x0000, 0x0000, 0x0000, 0x0000, 0x0000, 0x0000, 0x0000, 0x0000, 0x0000, 0x0000, 0x0000,
  0x0000, 0x0000, 0x0000, 0x0000, 0x0000, 0x0000, 0x0000, 0x0000, 0x0000, 0x0000, 0x0000, 0x0000,
  0x0000, 0x0000, 0x0000, 0x0000, 0x0000, 0x0000, 0x0000, 0x0000, 0x0000, 0x0000, 0x0000, 0x0000,
  0x0000, 0x0000, 0x0000, 0x0000, 0x0000, 0x0000, 0x0000, 0x0000, 0x0000, 0x0000, 0x0000, 0x0000,
  0x0000, 0x0000, 0x0000, 0x0000, 0x0000, 0x0000, 0x0000, 0x0000, 0x0000, 0x0000, 0x0000, 0x0000,
  0x0000, 0x0000, 0x0000, 0x0000, 0x0000, 0x0000, 0x0000, 0x0000, 0x0000, 0x0000, 0x0000, 0x0000,
  0x0000, 0x0000, 0x0000, 0x0000, 0x0000, 0x0000, 0x0000, 0x0000, 0x0000, 0x0000, 0x0000, 0x0000,
  0x0000, 0x0000, 0x0000, 0x0000, 0x0000, 0x0000, 0x0000, 0x0000, 0x0000, 0x0000, 0x0000, 0x0000,
  0x0000, 0x0000, 0x0000, 0x0000, 0x0000, 0x0000, 0x0000, 0x0000, 0x0000, 0x0000, 0x0000, 0x0000,
  0x0000, 0x0000, 0x0000, 0x0000, 0x0000, 0x0000, 0x0000, 0x0000, 0x0000, 0x0000, 0x0000, 0x0000,
  0x0000, 0x0000, 0x0000, 0x0000, 0x0000, 0x0000, 0x0000, 0x0000, 0x0000, 0x0000, 0x0000, 0x0000,
  0x0000, 0x0000, 0x0000, 0x0000, 0x0000, 0x0000, 0x0000, 0x0000, 0x0000, 0x0000, 0x0000, 0x0000,
  0x0000, 0x0000, 0x0000, 0x0000, 0x0000, 0x0000, 0x0000, 0x0000, 0x0000, 0x0000, 0x0000, 0x0000,
  0x0000, 0x0000, 0x0000, 0x0000, 0x0000, 0x0000, 0x0000, 0x0000, 0x0000, 0x0000, 0x0000, 0x0000,
  0x0000, 0x0000, 0x0000, 0x0000, 0x0000, 0x0000, 0x0000, 0x0000, 0x0000, 0x0000, 0x0000, 0x0000,
  0x0000, 0x0000, 0x0000, 0x0000, 0x0000, 0x0000, 0x0000, 0x0000, 0x0000, 0x0000, 0x0000, 0x0000,
  0x0000, 0x0000, 0x0000, 0x0000, 0x0000, 0x0000, 0x0000, 0x0000, 0x0000, 0x0000, 0x0000, 0x0000,
  0x0000, 0x0000, 0x0000, 0x0000, 0x0000, 0x0000, 0x0000, 0x0000, 0x0000, 0x0000, 0x0000, 0x0000,
  0x0000, 0x0000, 0x0000, 0x0000, 0x0000, 0x0000, 0x0000, 0x0000, 0x0000, 0x0000, 0x0000, 0x0000,
  0x0000, 0x0000, 0x0000, 0x0000, 0x0000, 0x0000, 0x0000, 0x0000, 0x0000, 0x0000, 0x0000, 0x0000,
  0x0000, 0x0000, 0x0000, 0x0000, 0x0000, 0x0000, 0x0000, 0x0000, 0x0000, 0x0000, 0x0000, 0x0000,
  0x0000, 0x0000, 0x0000, 0x0000, 0x0000, 0x0000, 0x0000, 0x0000, 0x0000, 0x0000, 0x0000, 0x0000,
  0x0000, 0x0000, 0x0000, 0x0000, 0x0000, 0x0000, 0x0000, 0x0000, 0x0000, 0x0000, 0x0000, 0x0000,
  0x0000, 0x0000, 0x0000, 0x0000, 0x0000, 0x0000, 0x0000, 0x0000, 0x0000, 0x0000, 0x0000, 0x0000,
  0x0000, 0x0000, 0x0000, 0x0000, 0x0000, 0x0000, 0x0000, 0x0000, 0x0000, 0x0000, 0x0000, 0x0000,
  0x0000, 0x0000, 0x0000, 0x0000, 0x0000, 0x0000, 0x0000, 0x0000, 0x0000, 0x0000, 0x0000, 0x0000,
  0x0000, 0x0000, 0x0000, 0x0000, 0x0000, 0x0000, 0x0000, 0x0000, 0x0000, 0x0000, 0x0000, 0x0000,
  0x0000, 0x0000, 0x0000, 0x0000, 0x0000, 0x0000, 0x0000, 0x0000, 0x0000, 0x0000, 0x0000, 0x0000,
  0x0000, 0x0000, 0x0000, 0x0000, 0x0000, 0x0000, 0x0000, 0x0000, 0x0000, 0x0000, 0x0000, 0x0000,
  0x0000, 0x0000, 0x0000, 0x0000, 0x0000, 0x0000, 0x0000, 0x0000, 0x0000, 0x0000, 0x0000, 0x0000,
  0x0000, 0x0000, 0x0000, 0x0000, 0x0000, 0x0000, 0x0000, 0x0000, 0x0000, 0x0000, 0x0000, 0x0000,
  0x0000, 0x0000, 0x0000, 0x0000, 0x0000, 0x0000, 0x0000, 0x0000, 0x0000, 0x0000, 0x0000, 0x0000,
  0x0000, 0x0000, 0x0000, 0x0000, 0x0000, 0x0000, 0x0000, 0x0000, 0x0000, 0x0000, 0x0000, 0x0000,
  0x0000, 0x0000, 0x0000, 0x0000, 0x0000, 0x0000, 0x0000, 0x0000, 0x0000, 0x0000, 0x0000, 0x0000,
  0x0000, 0x0000, 0x0000, 0x0000, 0x0000, 0x0000, 0x0000, 0x0000, 0x0000, 0x0000, 0x0000, 0x0000,
  0x0000, 0x0000, 0x0000, 0x0000, 0x0000, 0x0000, 0x0000, 0x0000, 0x0000, 0x0000, 0x0000, 0x0000,
  0x0000, 0x0000, 0x0000, 0x0000, 0x0000, 0x0000, 0x0000, 0x0000, 0x0000, 0x0000, 0x0000, 0x0000,
  0x0000, 0x0000, 0x0000, 0x0000, 0x0000, 0x0000, 0x0000, 0x0000, 0x0000, 0x0000, 0x0000, 0x0000,
  0x0000, 0x0000, 0x0000, 0x0000, 0x0000, 0x0000, 0x0000, 0x0000, 0x0000, 0x0000, 0x0000, 0x0000,
  0x0000, 0x0000, 0x0000, 0x0000, 0x0000, 0x0000, 0x0000, 0x0000, 0x0000, 0x0000, 0x0000, 0x0000,
  0x0000, 0x0000, 0x0000, 0x0000, 0x0000, 0x0000, 0x0000, 0x0000, 0x0000, 0x0000, 0x0000, 0x0000,
  0x0000, 0x0000, 0x0000, 0x0000, 0x0000, 0x0000, 0x0000, 0x0000, 0x0000, 0x0000, 0x0000, 0x0000,
  0x0000, 0x0000, 0x0000, 0x0000, 0x0000, 0x0000, 0x0000, 0x0000, 0x0000, 0x0000, 0x0000, 0x0000,
  0x0000, 0x0000, 0x0000, 0x0000, 0x0000, 0x0000, 0x0000, 0x0000, 0x0000, 0x0000, 0x0000, 0x0000,
  0x0000, 0x0000, 0x0000, 0x0000, 0x0000, 0x0000, 0x0000, 0x0000, 0x0000, 0x0000, 0x0000, 0x0000,
  0x0000, 0x0000, 0x0000, 0x0000, 0x0000, 0x0000, 0x0000, 0x0000, 0x0000, 0x0000, 0x0000, 0x0000,
  0x0000, 0x0000, 0x0000, 0x0000, 0x0000, 0x0000, 0x0000, 0x0000, 0x0000, 0x0000, 0x0000, 0x0000,
  0x0000, 0x0000, 0x0000, 0x0000, 0x0000, 0x0000, 0x0000, 0x0000, 0x0000, 0x0000, 0x0000, 0x0000,
  0x0000, 0x0000, 0x0000, 0x0000, 0x0000, 0x0000, 0x0000, 0x0000, 0x0000, 0x0000, 0x0000, 0x0000,
  0x0000, 0x0000, 0x0000, 0x0000, 0x0000, 0x0000, 0x0000, 0x0000, 0x0000, 0x0000, 0x0000, 0x0000,
  0x0000, 0x0000, 0x0000, 0x0000, 0x0000, 0x0000, 0x0000, 0x0000, 0x0000, 0x0000, 0x0000, 0x0000,
  0x0000, 0x0000, 0x0000, 0x0000, 0x0000, 0x0000, 0x0000, 0x0000, 0x0000, 0x0000, 0x0000, 0x0000,
  0x0000, 0x0000, 0x0000, 0x0000, 0x0000, 0x0000, 0x0000, 0x0000, 0x0000, 0x0000, 0x0000, 0x0000,
  0x0000, 0x0000, 0x0000, 0x0000, 0x0000, 0x0000, 0x0000, 0x0000, 0x0000, 0x0000, 0x0000, 0x0000,
  0x0000, 0x0000, 0x0000, 0x0000, 0x0000, 0x0000, 0x0000, 0x0000, 0x0000, 0x0000, 0x0000, 0x0000,
  0x0000, 0x0000, 0x0000, 0x0000, 0x0000, 0x0000, 0x0000, 0x0000, 0x0000, 0x0000, 0x0000, 0x0000,
  0x0000, 0x0000, 0x0000, 0x0000, 0x0000, 0x0000, 0x0000, 0x0000, 0x0000, 0x0000, 0x0000, 0x0000,
  0x0000, 0x0000, 0x0000, 0x0000, 0x0000, 0x0000, 0x0000, 0x0000, 0x0000, 0x0000, 0x0000, 0x0000,
  0x0000, 0x0000, 0x0000, 0x0000, 0x0000, 0x0000, 0x0000, 0x0000, 0x0000, 0x0000, 0x0000, 0x0000,
  0x0000, 0x0000, 0x0000, 0x0000, 0x0000, 0x0000, 0x0000, 0x0000, 0x0000, 0x0000, 0x0000, 0x0000,
  0x0000, 0x0000, 0x0000, 0x0000, 0x0000, 0x0000, 0x0000, 0x0000, 0x0000, 0x0000, 0x0000, 0x0000,
  0x0000, 0x0000, 0x0000, 0x0000, 0x0000, 0x0000, 0x0000, 0x0000, 0x0000, 0x0000, 0x0000, 0x0000,
  0x0000, 0x0000, 0x0000, 0x0000, 0x0000, 0x0000, 0x0000, 0x0000, 0x0000, 0x0000, 0x0000, 0x0000,
  0x0000, 0x0000, 0x0000, 0x0000, 0x0000, 0x0000, 0x0000, 0x0000, 0x0000, 0x0000, 0x0000, 0x0000,
  0x0000, 0x0000, 0x0000, 0x0000, 0x0000, 0x0000, 0x0000, 0x0000, 0x0000, 0x0000, 0x0000, 0x0000,
  0x0000, 0x0000, 0x0000, 0x0000, 0x0000, 0x0000, 0x0000, 0x0000, 0x0000, 0x0000, 0x0000, 0x0000,
  0x0000, 0x0000, 0x0000, 0x0000, 0x0000, 0x0000, 0x0000, 0x0000, 0x0000, 0x0000, 0x0000, 0x0000,
  0x0000, 0x0000, 0x0000, 0x0000, 0x0000, 0x0000, 0x0000, 0x0000, 0x0000, 0x0000, 0x0000, 0x0000,
  0x0000, 0x0000, 0x0000, 0x0000, 0x0000, 0x0000, 0x0000, 0x0000, 0x0000, 0x0000, 0x0000, 0x0000,
  0x0000, 0x0000, 0x0000, 0x0000, 0x0000, 0x0000, 0x0000, 0x0000, 0x0000, 0x0000, 0x0000, 0x0000,
  0x0000, 0x0000, 0x0000, 0x0000, 0x0000, 0x0000, 0x0000, 0x0000, 0x0000, 0x0000, 0x0000, 0x0000,
  0x0000, 0x0000, 0x0000, 0x0000, 0x0000, 0x0000, 0x0000, 0x0000, 0x0000, 0x0000, 0x0000, 0x0000,
  0x0000, 0x0000, 0x0000, 0x0000, 0x0000, 0x0000, 0x0000, 0x0000, 0x0000, 0x0000, 0x0000, 0x0000,
  0x0000, 0x0000, 0x0000, 0x0000, 0x0000, 0x0000, 0x0000, 0x0000, 0x0000, 0x0000, 0x0000, 0x0000,
  0x0000, 0x0000, 0x0000, 0x0000, 0x0000, 0x0000, 0x0000, 0x0000, 0x0000, 0x0000, 0x0000, 0x0000,
  0x0000, 0x0000, 0x0000, 0x0000, 0x0000, 0x0000, 0x0000, 0x0000, 0x0000, 0x0000, 0x0000, 0x0000,
  0x0000, 0x0000, 0x0000, 0x0000, 0x0000, 0x0000, 0x0000, 0x0000, 0x0000, 0x0000, 0x0000, 0x0000,
  0x0000, 0x0000, 0x0000, 0x0000, 0x0000, 0x0000, 0x0000, 0x0000, 0x0000, 0x0000, 0x0000, 0x0000,
  0x0000, 0x0000, 0x0000, 0x0000, 0x0000, 0x0000, 0x0000, 0x0000, 0x0000, 0x0000, 0x0000, 0x0000,
  0x0000, 0x0000, 0x0000, 0x0000, 0x0000, 0x0000, 0x0000, 0x0000, 0x0000, 0x0000, 0x0000, 0x0000,
  0x0000, 0x0000, 0x0000, 0x0000, 0x0000, 0x0000, 0x0000, 0x0000, 0x0000, 0x0000, 0x0000, 0x0000,
  0x0000, 0x0000, 0x0000, 0x0000, 0x0000, 0x0000, 0x0000, 0x0000, 0x0000, 0x0000, 0x0000, 0x0000,
  0x0000, 0x0000, 0x0000, 0x0000, 0x0000, 0x0000, 0x0000, 0x0000, 0x0000, 0x0000, 0x0000, 0x0000,
  0x0000, 0x0000, 0x0000, 0x0000, 0x0000, 0x0000, 0x0000, 0x0000, 0x0000, 0x0000, 0x0000, 0x0000,
  0x0000, 0x0000, 0x0000, 0x0000, 0x0000, 0x0000, 0x0000, 0x0000, 0x0000, 0x0000, 0x0000, 0x0000,
  0x0000, 0x0000, 0x0000, 0x0000, 0x0000, 0x0000, 0x0000, 0x0000, 0x0000, 0x0000, 0x0000, 0x0000,
  0x0000, 0x0000, 0x0000, 0x0000, 0x0000, 0x0000, 0x0000, 0x0000, 0x0000, 0x0000, 0x0000, 0x0000,
  0x0000, 0x0000, 0x0000, 0x0000, 0x0000, 0x0000, 0x0000, 0x0000, 0x0000, 0x0000, 0x0000, 0x0000,
  0x0000, 0x0000, 0x0000, 0x0000, 0x0000, 0x0000, 0x0000, 0x0000, 0x0000, 0x0000, 0x0000, 0x0000,
  0x0000, 0x0000, 0x0000, 0x0000, 0x0000, 0x0000, 0x0000, 0x0000, 0x0000, 0x0000, 0x0000, 0x0000,
  0x0000, 0x0000, 0x0000, 0x0000, 0x0000, 0x0000, 0x0000, 0x0000, 0x0000, 0x0000, 0x0000, 0x0000,
  0x0000, 0x0000, 0x0000, 0x0000, 0x0000, 0x0000, 0x0000, 0x0000, 0x0000, 0x0000, 0x0000, 0x0000,
  0x0000, 0x0000, 0x0000, 0x0000, 0x0000, 0x0000, 0x0000, 0x0000, 0x0000, 0x0000, 0x0000, 0x0000,
  0x0000, 0x0000, 0x0000, 0x0000, 0x0000, 0x0000, 0x0000, 0x0000, 0x0000, 0x0000, 0x0000, 0x0000,
  0x0000, 0x0000, 0x0000, 0x0000, 0x0000, 0x0000, 0x0000, 0x0000, 0x0000, 0x0000, 0x0000, 0x0000,
  0x0000, 0x0000, 0x0000, 0x0000, 0x0000, 0x0000, 0x0000, 0x0000, 0x0000, 0x0000, 0x0000, 0x0000,
  0x0000, 0x0000, 0x0000, 0x0000, 0x0000, 0x0000, 0x0000, 0x0000, 0x0000, 0x0000, 0x0000, 0x0000,
  0x0000, 0x0000, 0x0000, 0x0000, 0x0000, 0x0000, 0x0000, 0x0000, 0x0000, 0x0000, 0x0000, 0x0000,
  0x0000, 0x0000, 0x0000, 0x0000, 0x0000, 0x0000, 0x0000, 0x0000, 0x0000, 0x0000, 0x0000, 0x0000,
  0x0000, 0x0000, 0x0000, 0x0000, 0x0000, 0x0000, 0x0000, 0x0000, 0x0000, 0x0000, 0x0000, 0x0000,
  0x0000, 0x0000, 0x0000, 0x0000, 0x0000, 0x0000, 0x0000, 0x0000, 0x0000, 0x0000, 0x0000, 0x0000,
  0x0000, 0x0000, 0x0000, 0x0000, 0x0000, 0x0000, 0x0000, 0x0000, 0x0000, 0x0000, 0x0000, 0x0000,
  0x0000, 0x0000, 0x0000, 0x0000, 0x0000, 0x0000, 0x0000, 0x0000, 0x0000, 0x0000, 0x0000, 0x0000,
  0x0000, 0x0000, 0x0000, 0x0000, 0x0000, 0x0000, 0x0000, 0x0000, 0x0000, 0x0000, 0x0000, 0x0000,
  0x0000, 0x0000, 0x0000, 0x0000, 0x0000, 0x0000, 0x0000, 0x0000, 0x0000, 0x0000, 0x0000, 0x0000,
  0x0000, 0x0000, 0x0000, 0x0000, 0x0000, 0x0000, 0x0000, 0x0000, 0x0000, 0x0000, 0x0000, 0x0000,
  0x0000, 0x0000, 0x0000, 0x0000, 0x0000, 0x0000, 0x0000, 0x0000, 0x0000, 0x0000, 0x0000, 0x0000,
  0x0000, 0x0000, 0x0000, 0x0000, 0x0000, 0x0000, 0x0000, 0x0000, 0x0000, 0x0000, 0x0000, 0x0000,
  0x0000, 0x0000, 0x0000, 0x0000, 0x0000, 0x0000, 0x0000, 0x0000, 0x0000, 0x0000, 0x0000, 0x0000,
  0x0000, 0x0000, 0x0000, 0x0000, 0x0000, 0x0000, 0x0000, 0x0000, 0x0000, 0x0000, 0x0000, 0x0000,
  0x0000, 0x0000, 0x0000, 0x0000, 0x0000, 0x0000, 0x0000, 0x0000, 0x0000, 0x0000, 0x0000, 0x0000,
  0x0000, 0x0000, 0x0000, 0x0000, 0x0000, 0x0000, 0x0000, 0x0000, 0x0000, 0x0000, 0x0000, 0x0000,
  0x0000, 0x0000, 0x0000, 0x0000, 0x0000, 0x0000, 0x0000, 0x0000, 0x0000, 0x0000, 0x0000, 0x0000,
  0x0000, 0x0000, 0x0000, 0x0000, 0x0000, 0x0000, 0x0000, 0x0000, 0x0000, 0x0000, 0x0000, 0x0000,
  0x0000, 0x0000, 0x0000, 0x0000, 0x0000, 0x0000, 0x0000, 0x0000, 0x0000, 0x0000, 0x0000, 0x0000,
  0x0000, 0x0000, 0x0000, 0x0000, 0x0000, 0x0000, 0x0000, 0x0000, 0x0000, 0x0000, 0x0000, 0x0000,
  0x0000, 0x0000, 0x0000, 0x0000, 0x0000, 0x0000, 0x0000, 0x0000, 0x0000, 0x0000, 0x0000, 0x0000,
  0x0000, 0x0000, 0x0000, 0x0000, 0x0000, 0x0000, 0x0000, 0x0000, 0x0000, 0x0000, 0x0000, 0x0000,
  0x0000, 0x0000, 0x0000, 0x0000, 0x0000, 0x0000, 0x0000, 0x0000, 0x0000, 0x0000, 0x0000, 0x0000,
  0x0000, 0x0000, 0x0000, 0x0000, 0x0000, 0x0000, 0x0000, 0x0000, 0x0000, 0x0000, 0x0000, 0x0000,
  0x0000, 0x0000, 0x0000, 0x0000, 0x0000, 0x0000, 0x0000, 0x0000, 0x0000, 0x0000, 0x0000, 0x0000,
  0x0000, 0x0000, 0x0000, 0x0000, 0x0000, 0x0000, 0x0000, 0x0000, 0x0000, 0x0000, 0x0000, 0x0000,
  0x0000, 0x0000, 0x0000, 0x0000, 0x0000, 0x0000, 0x0000, 0x0000, 0x0000, 0x0000, 0x0000, 0x0000,
  0x0000, 0x0000, 0x0000, 0x0000, 0x0000, 0x0000, 0x0000, 0x0000, 0x0000, 0x0000, 0x0000, 0x0000,
  0x0000, 0x0000, 0x0000, 0x0000, 0x0000, 0x0000, 0x0000, 0x0000, 0x0000, 0x0000, 0x0000, 0x0000,
  0x0000, 0x0000, 0x0000, 0x0000, 0x0000, 0x0000, 0x0000, 0x0000, 0x0000, 0x0000, 0x0000, 0x0000,
  0x0000, 0x0000, 0x0000, 0x0000, 0x0000, 0x0000, 0x0000, 0x0000, 0x0000, 0x0000, 0x0000, 0x0000,
  0x0000, 0x0000, 0x0000, 0x0000, 0x0000, 0x0000, 0x0000, 0x0000, 0x0000, 0x0000, 0x0000, 0x0000,
  0x0000, 0x0000, 0x0000, 0x0000, 0x0000, 0x0000, 0x0000, 0x0000, 0x0000, 0x0000, 0x0000, 0x0000,
  0x0000, 0x0000, 0x0000, 0x0000, 0x0000, 0x0000, 0x0000, 0x0000, 0x0000, 0x0000, 0x0000, 0x0000,
  0x0000, 0x0000, 0x0000, 0x0000, 0x0000, 0x0000, 0x0000, 0x0000, 0x0000, 0x0000, 0x0000, 0x0000,
  0x0000, 0x0000, 0x0000, 0x0000, 0x0000, 0x0000, 0x0000, 0x0000, 0x0000, 0x0000, 0x0000, 0x0000,
  0x0000, 0x0000, 0x0000, 0x0000, 0x0000, 0x0000, 0x0000, 0x0000, 0x0000, 0x0000, 0x0000, 0x0000,
  0x0000, 0x0000, 0x0000, 0x0000, 0x0000, 0x0000, 0x0000, 0x0000, 0x0000, 0x0000, 0x0000, 0x0000,
  0x0000, 0x0000, 0x0000, 0x0000, 0x0000, 0x0000, 0x0000, 0x0000, 0x0000, 0x0000, 0x0000, 0x0000,
  0x0000, 0x0000, 0x0000, 0x0000, 0x0000, 0x0000, 0x0000, 0x0000, 0x0000, 0x0000, 0x0000, 0x0000,
  0x0000, 0x0000, 0x0000, 0x0000, 0x0000, 0x0000, 0x0000, 0x0000, 0x0000, 0x0000, 0x0000, 0x0000,
  0x0000, 0x0000, 0x0000, 0x0000, 0x0000, 0x0000, 0x0000, 0x0000, 0x0000, 0x0000, 0x0000, 0x0000,
  0x0000, 0x0000, 0x0000, 0x0000, 0x0000, 0x0000, 0x0000, 0x0000, 0x0000, 0x0000, 0x0000, 0x0000,
  0x0000, 0x0000, 0x0000, 0x0000, 0x0000, 0x0000, 0x0000, 0x0000, 0x0000, 0x0000, 0x0000, 0x0000,
  0x0000, 0x0000, 0x0000, 0x0000, 0x0000, 0x0000, 0x0000, 0x0000, 0x0000, 0x0000, 0x0000, 0x0000,
  0x0000, 0x0000, 0x0000, 0x0000, 0x0000, 0x0000, 0x0000, 0x0000, 0x0000, 0x0000, 0x0000, 0x0000,
  0x0000, 0x0000, 0x0000, 0x0000, 0x0000, 0x0000, 0x0000, 0x0000, 0x0000, 0x0000, 0x0000, 0x0000,
  0x0000, 0x0000, 0x0000, 0x0000, 0x0000, 0x0000, 0x0000, 0x0000, 0x0000, 0x0000, 0x0000, 0x0000,
  0x0000, 0x0000, 0x0000, 0x0000, 0x0000, 0x0000, 0x0000, 0x0000, 0x0000, 0x0000, 0x0000, 0x0000,
  0x0000, 0x0000, 0x0000, 0x0000, 0x0000, 0x0000, 0x0000, 0x0000, 0x0000, 0x0000, 0x0000, 0x0000,
  0x0000, 0x0000, 0x0000, 0x0000, 0x0000, 0x0000, 0x0000, 0x0000, 0x0000, 0x0000, 0x0000, 0x0000,
  0x0000, 0x0000, 0x0000, 0x0000, 0x0000, 0x0000, 0x0000, 0x0000, 0x0000, 0x0000, 0x0000, 0x0000,
  0x0000, 0x0000, 0x0000, 0x0000, 0x0000, 0x0000, 0x0000, 0x0000, 0x0000, 0x0000, 0x0000, 0x0000,
  0x0000, 0x0000, 0x0000, 0x0000, 0x0000, 0x0000, 0x0000, 0x0000, 0x0000, 0x0000, 0x0000, 0x0000,
  0x0000, 0x0000, 0x0000, 0x0000, 0x0000, 0x0000, 0x0000, 0x0000, 0x0000, 0x0000, 0x0000, 0x0000,
  0x0000, 0x0000, 0x0000, 0x0000, 0x0000, 0x0000, 0x0000, 0x0000, 0x0000, 0x0000, 0x0000, 0x0000,
  0x0000, 0x0000, 0x0000, 0x0000, 0x0000, 0x0000, 0x0000, 0x0000, 0x0000, 0x0000, 0x0000, 0x0000,
  0x0000, 0x0000, 0x0000, 0x0000, 0x0000, 0x0000, 0x0000, 0x0000, 0x0000, 0x0000, 0x0000, 0x0000,
  0x0000, 0x0000, 0x0000, 0x0000, 0x0000, 0x0000, 0x0000, 0x0000, 0x0000, 0x0000, 0x0000, 0x0000,
  0x0000, 0x0000, 0x0000, 0x0000, 0x0000, 0x0000, 0x0000, 0x0000, 0x0000, 0x0000, 0x0000, 0x0000,
  0x0000, 0x0000, 0x0000, 0x0000, 0x0000, 0x0000, 0x0000, 0x0000, 0x0000, 0x0000, 0x0000, 0x0000,
  0x0000, 0x0000, 0x0000, 0x0000, 0x0000, 0x0000, 0x0000, 0x0000, 0x0000, 0x0000, 0x0000, 0x0000,
  0x0000, 0x0000, 0x0000, 0x0000, 0x0000, 0x0000, 0x0000, 0x0000, 0x0000, 0x0000, 0x0000, 0x0000,
  0x0000, 0x0000, 0x0000, 0x0000, 0x0000, 0x0000, 0x0000, 0x0000, 0x0000, 0x0000, 0x0000, 0x0000,
  0x0000, 0x0000, 0x0000, 0x0000, 0x0000, 0x0000, 0x0000, 0x0000, 0x0000, 0x0000, 0x0000, 0x0000,
  0x0000, 0x0000, 0x0000, 0x0000, 0x0000, 0x0000, 0x0000, 0x0000, 0x0000, 0x0000, 0x0000, 0x0000,
  0x0000, 0x0000, 0x0000, 0x0000, 0x0000, 0x0000, 0x0000, 0x0000, 0x0000, 0x0000, 0x0000, 0x0000,
  0x0000, 0x0000, 0x0000, 0x0000, 0x0000, 0x0000, 0x0000, 0x0000, 0x0000, 0x0000, 0x0000, 0x0000,
  0x0000, 0x0000, 0x0000, 0x0000, 0x0000, 0x0000, 0x0000, 0x0000, 0x0000, 0x0000, 0x0000, 0x0000,
  0x0000, 0x0000, 0x0000, 0x0000, 0x0000, 0x0000, 0x0000, 0x0000, 0x0000, 0x0000, 0x0000, 0x0000,
  0x0000, 0x0000, 0x0000, 0x0000, 0x0000, 0x0000, 0x0000, 0x0000, 0x0000, 0x0000, 0x0000, 0x0000,
  0x0000, 0x0000, 0x0000, 0x0000, 0x0000, 0x0000, 0x0000, 0x0000, 0x0000, 0x0000, 0x0000, 0x0000,
  0x0000, 0x0000, 0x0000, 0x0000, 0x0000, 0x0000, 0x0000, 0x0000, 0x0000, 0x0000, 0x0000, 0x0000,
  0x0000, 0x0000, 0x0000, 0x0000, 0x0000, 0x0000, 0x0000, 0x0000, 0x0000, 0x0000, 0x0000, 0x0000,
  0x0000, 0x0000, 0x0000, 0x0000, 0x0000, 0x0000, 0x0000, 0x0000, 0x0000, 0x0000, 0x0000, 0x0000,
  0x0000, 0x0000, 0x0000, 0x0000, 0x0000, 0x0000, 0x0000, 0x0000, 0x0000, 0x0000, 0x0000, 0x0000,
  0x0000, 0x0000, 0x0000, 0x0000, 0x0000, 0x0000, 0x0000, 0x0000, 0x0000, 0x0000, 0x0000, 0x0000,
  0x0000, 0x0000, 0x0000, 0x0000, 0x0000, 0x0000, 0x0000, 0x0000, 0x0000, 0x0000, 0x0000, 0x0000,
  0x0000, 0x0000, 0x0000, 0x0000, 0x0000, 0x0000, 0x0000, 0x0000, 0x0000, 0x0000, 0x0000, 0x0000,
  0x0000, 0x0000, 0x0000, 0x0000, 0x0000, 0x0000, 0x0000, 0x0000, 0x0000, 0x0000, 0x0000, 0x0000,
  0x0000, 0x0000, 0x0000, 0x0000, 0x0000, 0x0000, 0x0000, 0x0000, 0x0000, 0x0000, 0x0000, 0x0000,
  0x0000, 0x0000, 0x0000, 0x0000, 0x0000, 0x0000, 0x0000, 0x0000, 0x0000, 0x0000, 0x0000, 0x0000,
  0x0000, 0x0000, 0x0000, 0x0000, 0x0000, 0x0000, 0x0000, 0x0000, 0x0000, 0x0000, 0x0000, 0x0000,
  0x0000, 0x0000, 0x0000, 0x0000, 0x0000, 0x0000, 0x0000, 0x0000, 0x0000, 0x0000, 0x0000, 0x0000,
  0x0000, 0x0000, 0x0000, 0x0000, 0x0000, 0x0000, 0x0000, 0x0000, 0x0000, 0x0000, 0x0000, 0x0000,
  0x0000, 0x0000, 0x0000, 0x0000, 0x0000, 0x0000, 0x0000, 0x0000, 0x0000, 0x0000, 0x0000, 0x0000,
  0x0000, 0x0000, 0x0000, 0x0000, 0x0000, 0x0000, 0x0000, 0x0000, 0x0000, 0x0000, 0x0000, 0x0000,
  0x0000, 0x0000, 0x0000, 0x0000, 0x0000, 0x0000, 0x0000, 0x0000, 0x0000, 0x0000, 0x0000, 0x0000,
  0x0000, 0x0000, 0x0000, 0x0000, 0x0000, 0x0000, 0x0000, 0x0000, 0x0000, 0x0000, 0x0000, 0x0000,
  0x0000, 0x0000, 0x0000, 0x0000, 0x0000, 0x0000, 0x0000, 0x0000, 0x0000, 0x0000, 0x0000, 0x0000,
  0x0000, 0x0000, 0x0000, 0x0000, 0x0000, 0x0000, 0x0000, 0x0000, 0x0000, 0x0000, 0x0000, 0x0000,
  0x0000, 0x0000, 0x0000, 0x0000, 0x0000, 0x0000, 0x0000, 0x0000, 0x0000, 0x0000, 0x0000, 0x0000,
  0x0000, 0x0000, 0x0000, 0x0000, 0x0000, 0x0000, 0x0000, 0x0000, 0x0000, 0x0000, 0x0000, 0x0000,
  0x0000, 0x0000, 0x0000, 0x0000, 0x0000, 0x0000, 0x0000, 0x0000, 0x0000, 0x0000, 0x0000, 0x0000,
  0x0000, 0x0000, 0x0000, 0x0000, 0x0000, 0x0000, 0x0000, 0x0000, 0x0000, 0x0000, 0x0000, 0x0000,
};
